-- phpMyAdmin SQL Dump
-- version 3.3.8.1
-- http://www.phpmyadmin.net
--
-- 主机: w.rdc.sae.sina.com.cn:3307
-- 生成日期: 2013 年 05 月 01 日 02:48
-- 服务器版本: 5.5.23
-- PHP 版本: 5.2.9

SET SQL_MODE="NO_AUTO_VALUE_ON_ZERO";


/*!40101 SET @OLD_CHARACTER_SET_CLIENT=@@CHARACTER_SET_CLIENT */;
/*!40101 SET @OLD_CHARACTER_SET_RESULTS=@@CHARACTER_SET_RESULTS */;
/*!40101 SET @OLD_COLLATION_CONNECTION=@@COLLATION_CONNECTION */;
/*!40101 SET NAMES utf8 */;

--
-- 数据库: `app_hollow`
--

-- --------------------------------------------------------

--
-- 表的结构 `hollow`
--

CREATE TABLE IF NOT EXISTS `hollow` (
  `hollow_id` int(10) unsigned NOT NULL AUTO_INCREMENT,
  `hollow_sid` varchar(255) DEFAULT NULL,
  `hollow_sname` varchar(255) DEFAULT NULL,
  `expire_num` int(10) unsigned DEFAULT '10',
  `expire_time` int(10) unsigned DEFAULT '0',
  `hollow_state` int(11) DEFAULT '0',
  `hollow_title` varchar(255) NOT NULL DEFAULT '树洞秘密',
  `hollow_count` int(11) NOT NULL DEFAULT '0',
  `data_prefix` varchar(255) DEFAULT NULL,
  `data_suffix` varchar(255) DEFAULT NULL,
  PRIMARY KEY (`hollow_id`),
  UNIQUE KEY `u_hollow_sid` (`hollow_sid`),
  UNIQUE KEY `u_hollow_sname` (`hollow_sname`)
) ENGINE=MyISAM  DEFAULT CHARSET=utf8 AUTO_INCREMENT=21 ;

--
-- 转存表中的数据 `hollow`
--

INSERT INTO `hollow` (`hollow_id`, `hollow_sid`, `hollow_sname`, `expire_num`, `expire_time`, `hollow_state`, `hollow_title`, `hollow_count`, `data_prefix`, `data_suffix`) VALUES
(1, 'RR{68ADE40A-C01A-449B-9F16-BB1EEBDF8825}', 'CQU', 684, 1464463839, 1, '重庆大学树洞', 1871, '', '--匿名发布自http://hollow.sinaapp.com/?sid=68ADE40AC01A449B9F16BB1EEBDF8825'),
(2, 'RR{7132C09A-ABEF-22D9-296A-AD826856A3BE}', '348', 50, 1464463839, 0, '348工作室', 0, '', ''),
(3, 'RR{5222DD7A-21F0-0920-F97F-D9B8944D077E}', NULL, 50, 1464463839, 0, '廣德大學生', 0, '', ''),
(4, 'RR{E61E231D-13FA-BF16-A06D-27CEF4451332}', 'NJAU', 44, 1464463839, 1, '南京农业大学树洞', 1912, '', '--匿名发布自http://hollow.sinaapp.com/?sid=E61E231D13FABF16A06D27CEF4451332'),
(5, 'RR{6BA8E15E-3BE4-4D40-8674-BF436A2CC59B}', 'ZYM', 19, 1464463839, 0, '翟一鸣', 4, '', '--匿名发布自http://hollow.sinaapp.com/?sid=6BA8E15E3BE44D408674BF436A2CC59B'),
(6, 'RR{09DFDA5D-FFA0-D111-1A8C-613B311692A3}', 'BUCM', 49, 1464463839, 1, '北京中医药大学树洞', 114, '', '--匿名发布自http://hollow.sinaapp.com/?sid=09DFDA5DFFA0D1111A8C613B311692A3'),
(7, 'RR{AB15A6BA-0F0D-F6BA-6386-87D399552CF9}', 'RRSD', 49, 1464463839, 1, '人人树洞秘密', 2, '', '--匿名发布自http://hollow.sinaapp.com/?sid=AB15A6BA0F0DF6BA638687D399552CF9'),
(8, 'RR{50015724-8CDC-BAB4-2129-BE66A202486F}', 'CQNU', 49, 1464463839, 1, '重庆师范大学树洞', 1, '', '--匿名发布自http://hollow.sinaapp.com/?sid=500157248CDCBAB42129BE66A202486F'),
(9, 'RR{C4AC263B-A3F1-EF65-07AA-19484FDCECBC}', 'SDMM', 49, 1464463839, 1, '树洞秘密', 2, '', '--匿名发布自http://hollow.sinaapp.com/?sid=C4AC263BA3F1EF6507AA19484FDCECBC'),
(10, 'RR{004205CD-2642-ACFC-D3B0-69221D81829E}', 'SHSD', 49, 1464463839, 1, '树洞秘密之上海高校区', 1, '', '--匿名发布自http://hollow.sinaapp.com/?sid=004205CD2642ACFCD3B069221D81829E'),
(11, 'RR{0C9676FF-B195-3142-A466-D6ADBF896DF2}', 'CQSD', 49, 1464463839, 1, '树洞秘密之重庆高校区', 1, '', '--匿名发布自http://hollow.sinaapp.com/?sid=0C9676FFB1953142A466D6ADBF896DF2'),
(12, 'RR{36103CCA-49BE-4664-07E4-7C9AD35520C5}', 'NJSD', 49, 1464463839, 1, '树洞秘密之南京高校区', 1, '', '--匿名发布自http://hollow.sinaapp.com/?sid=36103CCA49BE466407E47C9AD35520C5'),
(13, 'RR{FC63C455-1A18-01A4-0A8A-5EA1D134003B}', 'HFSD', 50, 1464463839, 1, '树洞秘密之合肥高校区', 1, '', '--匿名发布自http://hollow.sinaapp.com/?sid=FC63C4551A1801A40A8A5EA1D134003B'),
(14, 'RR{3A245503-1137-C971-3B09-0037F5A79E46}', 'ECSI', 33, 1466808238, 1, '江苏科技大学树洞', 100, '', '--匿名发布自http://hollow.sinaapp.com/?sid=3A2455031137C9713B090037F5A79E46'),
(15, 'RR{8F322329-0639-F662-3EE8-29C060008CB0}', 'SISU', 49, 1466853260, 1, '四川外语学院树洞', 1, '', '--匿名发布自http://hollow.sinaapp.com/?sid=8F3223290639F6623EE829C060008CB0'),
(16, 'RR{8D4B9BD1-4A99-0DD0-FE14-7330FFB01982}', NULL, 50, 1466887997, 1, '江阴申港树洞', 5, '', '--匿名发布自http://hollow.sinaapp.com/?sid=8D4B9BD14A990DD0FE147330FFB01982'),
(17, 'RR{DFA63203-6660-1F45-A861-C2E5D7C396B5}', NULL, 44, 1367079061, 1, '树洞秘密之江阴', 52, '', '--匿名发布自http://hollow.sinaapp.com/?sid=DFA6320366601F45A861C2E5D7C396B5'),
(18, 'RR{E95325EC-DC7D-EB17-D539-BC70E3290E9C}', NULL, 500, 1369927762, 1, '清华大学树洞', 1, NULL, '--匿名发布自http://hollow.sinaapp.com/?sid=RRE95325ECDC7DEB17D539BC70E3290E9C'),
(19, 'RR{B670D173-C31E-8CAF-8895-C151A9E7F449}', NULL, 500, 1369928162, 1, '北京大学树洞', 1, NULL, '--匿名发布自http://hollow.sinaapp.com/?sid=RRB670D173C31E8CAF8895C151A9E7F449'),
(20, 'RR{0708FEB1-574E-1206-C056-D5D7C62B2B09}', NULL, 500, 1369931795, 1, '東南大学树洞', 2, NULL, '--匿名发布自http://hollow.sinaapp.com/?sid=RR0708FEB1574E1206C056D5D7C62B2B09');

-- --------------------------------------------------------

--
-- 表的结构 `page`
--

CREATE TABLE IF NOT EXISTS `page` (
  `uid` int(10) unsigned NOT NULL AUTO_INCREMENT,
  `sid` varchar(255) DEFAULT NULL,
  `page_id` int(10) unsigned NOT NULL,
  `expire_num` int(10) unsigned DEFAULT '10',
  `expire_time` int(10) unsigned DEFAULT '0',
  `access_token` varchar(255) DEFAULT NULL,
  `refresh_token` varchar(255) DEFAULT NULL,
  `hollow_state` int(11) DEFAULT '0',
  `hollow_title` varchar(255) NOT NULL DEFAULT '树洞秘密',
  `hollow_count` int(11) NOT NULL DEFAULT '0',
  `data_prefix` varchar(255) DEFAULT NULL,
  `data_suffix` varchar(255) DEFAULT NULL,
  PRIMARY KEY (`uid`),
  UNIQUE KEY `u_sid` (`sid`),
  KEY `i_pid` (`page_id`)
) ENGINE=MyISAM  DEFAULT CHARSET=utf8 AUTO_INCREMENT=24 ;

--
-- 转存表中的数据 `page`
--

INSERT INTO `page` (`uid`, `sid`, `page_id`, `expire_num`, `expire_time`, `access_token`, `refresh_token`, `hollow_state`, `hollow_title`, `hollow_count`, `data_prefix`, `data_suffix`) VALUES
(3, '{68ADE40A-C01A-449B-9F16-BB1EEBDF8825}', 601665631, 684, 1464463839, '228732|6.bc92ca057ea55d45687d27e620579717.2592000.1369818000-520117113', '228732|0.kwtaEvobN4zJ0fHztk76PM8KBU638x3b.520117113.1367079622309', 1, '重庆大学树洞', 1787, '', '--匿名发布自http://hollow.sinaapp.com/?sid=68ADE40AC01A449B9F16BB1EEBDF8825'),
(4, '{7132C09A-ABEF-22D9-296A-AD826856A3BE}', 601107997, 50, 1464463839, '228732|6.00be0263a4bcaae6a07d023302013f62.2592000.1369836000-346579827', '228732|0.RBoaeqPq2y2razryr35JRxsVWn5NxSwx.346579827.1362673211301', 0, '348工作室', 0, '', ''),
(6, '{5222DD7A-21F0-0920-F97F-D9B8944D077E}', 601193840, 50, 1464463839, '228732|6.00be0263a4bcaae6a07d023302013f62.2592000.1369836000-346579827', '228732|0.RBoaeqPq2y2razryr35JRxsVWn5NxSwx.346579827.1362673211301', 0, '廣德大學生', 0, '', ''),
(7, '{E61E231D-13FA-BF16-A06D-27CEF4451332}', 601671409, 44, 1464463839, '228732|6.8d783649a184cd7bbc52f34faad4b621.2592000.1369674000-500042613', '228732|0.TbQ3orkO8q2KaHB7uyuETWJnjFCUGyUt.500042613.1362663022086', 1, '南京农业大学树洞', 1700, '', '--匿名发布自http://hollow.sinaapp.com/?sid=E61E231D13FABF16A06D27CEF4451332'),
(9, '{6BA8E15E-3BE4-4D40-8674-BF436A2CC59B}', 601611878, 19, 1464463839, '228732|6.00be0263a4bcaae6a07d023302013f62.2592000.1369836000-346579827', '228732|0.RBoaeqPq2y2razryr35JRxsVWn5NxSwx.346579827.1362673211301', 0, '翟一鸣', 4, '', '--匿名发布自http://hollow.sinaapp.com/?sid=6BA8E15E3BE44D408674BF436A2CC59B'),
(10, '{09DFDA5D-FFA0-D111-1A8C-613B311692A3}', 601693083, 49, 1464463839, '228732|6.8d783649a184cd7bbc52f34faad4b621.2592000.1369674000-500042613', '228732|0.TbQ3orkO8q2KaHB7uyuETWJnjFCUGyUt.500042613.1362663022086', 1, '北京中医药大学树洞', 107, '', '--匿名发布自http://hollow.sinaapp.com/?sid=09DFDA5DFFA0D1111A8C613B311692A3'),
(11, '{AB15A6BA-0F0D-F6BA-6386-87D399552CF9}', 601693150, 49, 1464463839, '228732|6.8d783649a184cd7bbc52f34faad4b621.2592000.1369674000-500042613', '228732|0.TbQ3orkO8q2KaHB7uyuETWJnjFCUGyUt.500042613.1362663022086', 1, '人人树洞秘密', 2, '', '--匿名发布自http://hollow.sinaapp.com/?sid=AB15A6BA0F0DF6BA638687D399552CF9'),
(15, '{50015724-8CDC-BAB4-2129-BE66A202486F}', 601698559, 49, 1464463839, '228732|6.8d783649a184cd7bbc52f34faad4b621.2592000.1369674000-500042613', '228732|0.TbQ3orkO8q2KaHB7uyuETWJnjFCUGyUt.500042613.1362663022086', 1, '重庆师范大学树洞', 1, '', '--匿名发布自http://hollow.sinaapp.com/?sid=500157248CDCBAB42129BE66A202486F'),
(14, '{C4AC263B-A3F1-EF65-07AA-19484FDCECBC}', 601693207, 49, 1464463839, '228732|6.8d783649a184cd7bbc52f34faad4b621.2592000.1369674000-500042613', '228732|0.TbQ3orkO8q2KaHB7uyuETWJnjFCUGyUt.500042613.1362663022086', 1, '树洞秘密', 2, '', '--匿名发布自http://hollow.sinaapp.com/?sid=C4AC263BA3F1EF6507AA19484FDCECBC'),
(16, '{004205CD-2642-ACFC-D3B0-69221D81829E}', 601702893, 49, 1464463839, '228732|6.8d783649a184cd7bbc52f34faad4b621.2592000.1369674000-500042613', '228732|0.TbQ3orkO8q2KaHB7uyuETWJnjFCUGyUt.500042613.1362663022086', 1, '树洞秘密之上海高校区', 1, '', '--匿名发布自http://hollow.sinaapp.com/?sid=004205CD2642ACFCD3B069221D81829E'),
(17, '{0C9676FF-B195-3142-A466-D6ADBF896DF2}', 601702942, 49, 1464463839, '228732|6.bc92ca057ea55d45687d27e620579717.2592000.1369818000-520117113', '228732|0.kwtaEvobN4zJ0fHztk76PM8KBU638x3b.520117113.1367079622309', 1, '树洞秘密之重庆高校区', 1, '', '--匿名发布自http://hollow.sinaapp.com/?sid=0C9676FFB1953142A466D6ADBF896DF2'),
(18, '{36103CCA-49BE-4664-07E4-7C9AD35520C5}', 601702950, 49, 1464463839, '228732|6.8d783649a184cd7bbc52f34faad4b621.2592000.1369674000-500042613', '228732|0.TbQ3orkO8q2KaHB7uyuETWJnjFCUGyUt.500042613.1362663022086', 1, '树洞秘密之南京高校区', 1, '', '--匿名发布自http://hollow.sinaapp.com/?sid=36103CCA49BE466407E47C9AD35520C5'),
(19, '{FC63C455-1A18-01A4-0A8A-5EA1D134003B}', 601702974, 50, 1464463839, '228732|6.8d783649a184cd7bbc52f34faad4b621.2592000.1369674000-500042613', '228732|0.TbQ3orkO8q2KaHB7uyuETWJnjFCUGyUt.500042613.1362663022086', 1, '树洞秘密之合肥高校区', 1, '', '--匿名发布自http://hollow.sinaapp.com/?sid=FC63C4551A1801A40A8A5EA1D134003B'),
(20, '{3A245503-1137-C971-3B09-0037F5A79E46}', 601709619, 33, 1466808238, '228732|6.8d783649a184cd7bbc52f34faad4b621.2592000.1369674000-500042613', '228732|0.TbQ3orkO8q2KaHB7uyuETWJnjFCUGyUt.500042613.1362663022086', 1, '江苏科技大学树洞', 92, '', '--匿名发布自http://hollow.sinaapp.com/?sid=3A2455031137C9713B090037F5A79E46'),
(21, '{8F322329-0639-F662-3EE8-29C060008CB0}', 601710080, 49, 1466853260, '228732|6.bc92ca057ea55d45687d27e620579717.2592000.1369818000-520117113', '228732|0.kwtaEvobN4zJ0fHztk76PM8KBU638x3b.520117113.1367079622309', 1, '四川外语学院树洞', 1, '', '--匿名发布自http://hollow.sinaapp.com/?sid=8F3223290639F6623EE829C060008CB0'),
(22, '{8D4B9BD1-4A99-0DD0-FE14-7330FFB01982}', 601709813, 50, 1466887997, '228732|6.8d783649a184cd7bbc52f34faad4b621.2592000.1369674000-500042613', '228732|0.TbQ3orkO8q2KaHB7uyuETWJnjFCUGyUt.500042613.1362663022086', 1, '江阴申港树洞', 5, '', '--匿名发布自http://hollow.sinaapp.com/?sid=8D4B9BD14A990DD0FE147330FFB01982'),
(23, '{DFA63203-6660-1F45-A861-C2E5D7C396B5}', 601710719, 44, 1367079061, '228732|6.8d783649a184cd7bbc52f34faad4b621.2592000.1369674000-500042613', '228732|0.TbQ3orkO8q2KaHB7uyuETWJnjFCUGyUt.500042613.1362663022086', 1, '树洞秘密之江阴', 33, '', '--匿名发布自http://hollow.sinaapp.com/?sid=DFA6320366601F45A861C2E5D7C396B5');

-- --------------------------------------------------------

--
-- 表的结构 `record`
--

CREATE TABLE IF NOT EXISTS `record` (
  `record_id` int(10) unsigned NOT NULL AUTO_INCREMENT,
  `hollow_id` int(11) NOT NULL,
  `record_time` int(10) unsigned DEFAULT '0',
  `record_ip` int(10) unsigned DEFAULT '0',
  `record_data` text NOT NULL,
  `record_state` int(11) NOT NULL,
  `record_error_code` int(11) NOT NULL DEFAULT '0',
  `record_error_msg` text,
  PRIMARY KEY (`record_id`),
  KEY `i_time` (`record_time`)
) ENGINE=MyISAM  DEFAULT CHARSET=utf8 AUTO_INCREMENT=4941 ;

--
-- 转存表中的数据 `record`
--

INSERT INTO `record` (`record_id`, `hollow_id`, `record_time`, `record_ip`, `record_data`, `record_state`, `record_error_code`, `record_error_msg`) VALUES
(1, 5, 1363008459, 2002008722, 'test', 1, 0, ''),
(2, 1, 1363149303, 3662086027, '测试新版树洞地址。新版程序挂在新浪云服务器上，更稳定可靠。http://rrurl.cn/pPdwrO，PS：今天天气不错，果断出去玩、', 1, 0, ''),
(3, 1, 1363150949, 3737558028, '测试新版树洞地址。新版程序挂在新浪云服务器上，更稳定可靠。http://hollow.sinaapp.com/?sid=68ADE40AC01A449B9F16BB1EEBDF8825 ，PS：今天天气不错，果断出去玩、', 1, 0, ''),
(4, 1, 1363151336, 2102507600, '真爱往往伴随失去。', 1, 0, ''),
(5, 1, 1363152478, 3736210168, 'eclipse刚刚弹粗来，就打算去打羽毛球鸟~嗯，匿名个毛，你知道我是谁~喵~', 1, 0, ''),
(6, 1, 1363152634, 3402238462, '嗯，再来发一条，有一只鸡，他不知道他爸爸是谁，就去问他妈，她妈说，你考试考一百我就告诉你。小鸡天天努力学习，终于考了一百分，跑去找他妈。他妈说：“嗯，你是一只争气鸡，你爸是瓦特。”', 1, 0, ''),
(7, 1, 1363156164, 1905135981, '荣哥高数课上有一个男生长得好乖。没有讲过话，也不知道哪个学院叫什么，就是觉得他长得乖，其实没什么想法。嘿嘿。', 1, 0, ''),
(8, 1, 1363157173, 1905135981, '嗨。觉得还真有点儿喜欢你呢。不过不行，我现在也就只能这样陪着你。我会一直对你好的。直到有一天你需要安稳了，陪你度过漫长岁月的会是我。', 1, 0, ''),
(9, 1, 1363163534, 2102508968, '其实有时候男生追求女生挺矛盾的，有时候第一次表白未成，你坚持吧，女生觉得你烦，你不坚持吧，女生觉得你不是认真的。你们说说该咋办吧。', 1, 0, ''),
(10, 1, 1363190683, 708709003, '好想知道我的名字滑过你脑海的时候你会想什么~', 1, 0, ''),
(11, 1, 1363193184, 3659177812, '真的是匿名嘛~~', 1, 0, ''),
(12, 1, 1363200117, 3737558028, '什么叫真正的放下？就是有一天，当你再次面对你过往的难堪、你恼怒憎恨的人，心如止水，不再起心动念，坦然面对，一笑了之。即便别人在你面前，复述你过往种种不幸时，你仿佛是在听别人的故事，心里一丝涟漪都没有泛起。放下，莫过如此。', 1, 0, ''),
(13, 1, 1363224740, 3736210168, '一个MD5函数吃惊地指着另一个MD5函数说：“你的哈希结果为什么和我的不一样？” 那个MD5函数骄傲地说，“我喂自己袋盐。”~喵~', 1, 0, ''),
(14, 1, 1363234372, 3662086117, '作为纯的山东爷们，在哥看来重庆就是哥的第二故乡', 1, 0, ''),
(15, 5, 1363268095, 2002008722, '测试', 0, 0, ''),
(16, 5, 1363268105, 2002008722, '测试', 0, 0, ''),
(17, 5, 1363268118, 2002008722, '测试', 0, 0, ''),
(18, 5, 1363268150, 2002008722, '测试', 1, 0, ''),
(19, 5, 1363273009, 2002008722, '测试新版架构', 0, 0, ''),
(20, 5, 1363273015, 2002008722, '测试新版架构', 0, 0, ''),
(21, 5, 1363273043, 2002008722, '测试新版架构', 0, 0, ''),
(22, 5, 1363273048, 2002008722, '测试新版架构', 0, 0, ''),
(23, 1, 1363274462, 2002008722, '1212', 0, 0, ''),
(24, 5, 1363279706, 3737558028, '%E4%BB%A3%E7%A0%81%E9%87%8D%E6%9E%84%E6%B5%8B%E8%AF%95', 0, 0, ''),
(25, 5, 1363279760, 3737558028, '%E4%BB%A3%E7%A0%81%E9%87%8D%E6%9E%84%E6%B5%8B%E8%AF%95', 0, 0, ''),
(26, 5, 1363279836, 3737558028, '新版程序构架测试。', 0, 0, ''),
(27, 1, 1363279946, 3737558028, '星期五哎、明天又是周末了好开森~', 0, 0, ''),
(28, 1, 1363430059, 3737558028, '花一些时间，总会看清一些事。经历一些事情，总会看清一些人。', 0, 0, ''),
(29, 1, 1363433503, 3737558028, '一个真正强大的人，不会把太多心思花在取悦和亲附别人上面。所谓圈子、资源，都只是衍生品。最重要的是提高自己的内功。只有自己修炼好了，才会有别人来亲附。自己是梧桐，凤凰才会来栖；自己是大海，百川才来汇聚。你只有到了那个层次，才会有相应的圈子，而不是倒过来。', 0, 0, ''),
(30, 1, 1363464057, 3737558028, '其实我很想念，某些时候，某些人，某些事…', 0, 0, ''),
(31, 1, 1363464563, 3737558028, '其实我很想念，某些时候，某些人，某些事…', 0, 0, ''),
(32, 1, 1363464684, 3737558028, '其实我很想念，某些时候，某些人，某些事…', 0, 0, ''),
(321, 1, 1365354353, 3736210167, '晚安，对自己好一点。(微笑)', 0, 0, ''),
(33, 4, 1363464840, 3737558028, '大半夜的睡不着怎么办…', 0, 0, ''),
(34, 1, 1363465926, 2102509369, '何时才能再见到你呢，反正我会把每次见面当作最后一次去珍惜...', 0, 0, ''),
(320, 5, 1365322446, 3737558028, '   ', 1, 0, ''),
(35, 5, 1363467997, 3737558028, '睡前测试树洞、今夜版本更新、--测试', 0, 0, ''),
(36, 1, 1363474984, 2002252924, '命运不会总是这样捉弄你，对吗？', 0, 0, ''),
(449, 1, 1365502361, 1905136073, '吉协是要逆天啊！你们知不知道我喜欢你们吉协的那个代涛很久了啊！！！他好可爱！！！', 1, 0, ''),
(37, 1, 1363500511, 3549117459, '青春，享受着生龙活虎，也伴随着爱莫能助，快乐与忧愁', 0, 0, ''),
(448, 1, 1365502200, 3662086026, '.....', 1, 0, ''),
(38, 1, 1363593502, 1905136081, '不出太阳不开心、⊙﹏⊙', 0, 0, ''),
(39, 1, 1363593513, 1905136081, '不出太阳不开心、⊙﹏⊙', 0, 0, ''),
(447, 1, 1365501671, 3719440639, '这直接改成重庆大学黑人直播间算了', 1, 0, ''),
(40, 1, 1363619421, 2002245103, '刚才花了1个小时翻遍了一个女孩人人上所有的状态和回复，妄图知道些什么。只是我看到了更多的是一个宅女到女神的变化过程，其中带来变化的因素，可能只有--刘海，圈子，恋爱。所以，女神有三宝--中分，文艺，单身好。', 0, 0, ''),
(446, 1, 1365501114, 3737558933, '你好。求不黑\n', 1, 0, ''),
(41, 1, 1363619448, 2002245103, '刚才花了1个小时翻遍了一个女孩人人上所有的状态和回复，妄图知道些什么。只是我看到了更多的是一个宅女到女神的变化过程，其中带来变化的因素，可能只有--刘海，圈子，恋爱。所以，女神有三宝--中分，文艺，单身好。', 0, 0, ''),
(42, 1, 1363619463, 2002245103, '刚才花了1个小时翻遍了一个女孩人人上所有的状态和回复，妄图知道些什么。只是我看到了更多的是一个宅女到女神的变化过程，其中带来变化的因素，可能只有--刘海，圈子，恋爱。所以，女神有三宝--中分，文艺，单身好。', 0, 0, ''),
(43, 1, 1363619466, 2002245103, '刚才花了1个小时翻遍了一个女孩人人上所有的状态和回复，妄图知道些什么。只是我看到了更多的是一个宅女到女神的变化过程，其中带来变化的因素，可能只有--刘海，圈子，恋爱。所以，女神有三宝--中分，文艺，单身好。', 0, 0, ''),
(445, 1, 1365500414, 3719440639, '松松，虽然没看到有很多人跟你表白，但我还是特别的在乎你。如果可以，我们可不可以重新开始。我爱你。', 1, 0, ''),
(44, 1, 1363619485, 2002245103, '刚才花了1个小时翻遍了一个女孩人人上所有的状态和回复，妄图知道些什么。只是我看到了更多的是一个宅女到女神的变化过程，其中带来变化的因素，可能只有--刘海，圈子，恋爱。所以，女神有三宝--中分，文艺，单身好。', 0, 0, ''),
(45, 1, 1363626265, 1905135965, '啥玩意儿是树洞呀？', 0, 0, ''),
(444, 1, 1365499530, 3737557832, '如果我发些反党反革命的这个网站会被封掉么？（╯‵□′）╯︵┴─┴', 1, 0, ''),
(46, 4, 1363634738, 3737558028, '写作业写到这个点，伤不起。Orz', 0, 0, ''),
(47, 4, 1363634751, 3737558028, '写作业写到这个点，伤不起。Orz', 0, 0, ''),
(48, 4, 1363634767, 3737558028, '写作业写到这个点，伤不起。Orz', 0, 0, ''),
(49, 4, 1363671283, 3662086027, '我告诉自己，要独立，要坚强，要勇敢，要活的漂亮，要让自己永远善良。', 0, 0, ''),
(363, 1, 1365405381, 3549117462, '徐璐 第一次见到你我就喜欢上了 虽然我知道你从来没得正眼看过我 但是我无法压抑自己的感情了。我不奢求跟你在一起 只想默默关心你', 1, 0, ''),
(50, 1, 1363679746, 3737558028, '我在学着不要太在乎一些人，越在乎，越卑微。', 0, 0, ''),
(51, 4, 1363707998, 3736210170, '喜不喜欢，合不合适，能不能在一起是三件不同的事。', 0, 0, ''),
(52, 1, 1363762150, 2030613818, '？？nothing', 1, 0, ''),
(53, 1, 1363786727, 3737558028, 'WTWHEQTOKEBPELHTPUKOKEKCKCWIQTKCTPTOKREKQTTQHFEKJQWMWMRUKBPEKLHTOQTBEPJTOKHKOPMPEKCCKQCZKTQFKWMIEKQHKCCKAPTWPMTPTOQTIQLHKBPEZOWIOTOKDRQAKTOKXQHTBLXXJKQHLEKPBCKAPTWPMTOQTZKOKEKOWROXDEKHPXAKTOQTTOKHKCKQCHOQXXMPTOQAKCWKCWMAQWMTOQTTOWHMQTWPMLMCKERPCHOQXXOQAKQMKZUWETOPBBEKKCPJQMCTOQTRPAKEMJKMTPBTOKSKPSXKUDTOKSKPSXKBPETOKSKPSXKHOQXXMPTSKEWHOBEPJTOKKQETO//单表置换密码破译、已Done。', 1, 0, ''),
(54, 1, 1363791357, 3662086037, '啥子是树洞。。。。', 1, 0, ''),
(55, 1, 1363791853, 3662086037, '这个文字为啥有阴影，好丑', 1, 0, ''),
(56, 1, 1363792390, 3662086037, '颜色太纯了，可以调下', 1, 0, ''),
(57, 4, 1363794163, 3737558028, '即使生气，也会装作淡定；即使不开心，也会努力微笑；即使悲伤，也只是偷偷的；即使在乎，也不会解释太多。这就是现在的我。', 1, 0, ''),
(362, 1, 1365405147, 1905136113, '我始终忘不了你在大竹林下美丽的笑容，公主', 1, 0, ''),
(58, 1, 1363836961, 3549117459, '和玩小车时的心情差不多，等待绝望的来临，难道真的无法挽救？不甘心', 1, 0, ''),
(59, 1, 1363967438, 3662086037, '放不下。', 1, 0, ''),
(60, 1, 1363972474, 3737558028, '测试metro新UI。', 1, 0, ''),
(61, 1, 1364008309, 3662086037, 'hello world!', 1, 0, ''),
(62, 1, 1364122126, 3670727430, '478', 1, 0, ''),
(63, 1, 1364126032, 1905135966, '讨厌来踢馆的⊙﹏⊙', 1, 0, ''),
(64, 4, 1364304843, 3737558028, '对的人 不对的时间 却放不掉 ', 1, 0, ''),
(65, 1, 1364351504, 3546556154, '你好', 1, 0, ''),
(66, 1, 1364468836, 2102507742, '高数王晓宏老师班上的一个材料学院女生叫代馨啥，大眼睛齐刘海黑色直发小清纯小文静，虽然你长得漂亮字写得很好看，但是，你不能把我的作业当成你的草稿带走了，明天高数记得还给我。还有你长得很像我的初恋', 1, 0, ''),
(67, 1, 1364469864, 3662086133, '渐行渐远', 1, 0, ''),
(68, 1, 1364469938, 3737558852, '啊。。我爱你祖国', 1, 0, ''),
(69, 1, 1364470168, 3662086133, '做了这么多的事情还不是为了更靠近你，想和你多说话。总是会找借口给你发短信，其实那是想知道你在做什么。每次上人人都是想等你的回复消息。现在手机来了短信都会下意识的希望是你的短信，希望你可以主动找我。但觉得没有多大的希望。好想和你说话。一个星期没有见了。晚上的你好么？', 1, 0, ''),
(70, 1, 1364470341, 1905136057, '小羊子噗哈哈', 1, 0, ''),
(71, 1, 1364481418, 3737558901, '去看了他的留言板，看见的都是他和他男朋友的对话，（当然应该是前男友），那个时候两个人很甜蜜。听着《离人》心里酸酸的！什么时候才会是他的心中人。我想他了。', 1, 0, ''),
(72, 1, 1364528568, 3546556154, 'nihao', 1, 0, ''),
(73, 1, 1364543831, 3546556152, '123', 1, 0, ''),
(74, 1, 1364545800, 1905135983, '看了一些学校的树洞，总结出一个规律，如果树洞里的表白贴都是冲我来的，生活就tm太美好了。', 1, 0, ''),
(75, 1, 1364546246, 1905136035, '好想去看电影，当北京遇上西雅图，男吊一枚，无人陪同，也不想和基友去。。。。', 1, 0, ''),
(76, 1, 1364548771, 3662086133, '我好想他，不知道他在做什么。他今天满课。', 1, 0, ''),
(77, 1, 1364572574, 1905136073, '树洞呀树洞。。人好少啊。。求扩散', 1, 0, ''),
(78, 1, 1364572725, 3737558900, '我知道他即使难过也不会低头来找我，这一次，我也不会了。有些人，大概注定就是要被错过的。', 1, 0, ''),
(443, 1, 1365499314, 3737558883, 'W(＃°Д°)wW(＃°Д°)wW(＃°Д°)wW(＃°Д°)wW(＃°Д°)wW(＃°Д°)wW(＃°Д°)wW(＃°Д°)wW(＃°Д°)wW(＃°Д°)wW(＃°Д°)wW(＃°Д°)wW(＃°Д°)wW(＃°Д°)wW(＃°Д°)wW(＃°Д°)wW(＃°Д°)wW(＃°Д°)wW(＃°Д°)wW(＃°Д°)wW(＃°Д°)wW(＃°Д°)wW(＃°Д°)wW(＃°Д°)wW(＃°Д°)wW(＃°Д°)wW(＃°Д°)wW(＃°Д°)wW(＃°Д°)wW(＃°Д°)wW(＃°Д°)wW(＃°Д°)wW(＃°Д°)wW(＃°Д°)wW(＃°Д°)wW(＃°Д°)wW(＃°Д°)wW(＃°Д°)wW(＃°Д°)wW(＃°Д°)wW(＃°Д°)wW(＃°Д°)wW(＃°Д°)wW(＃°Д°)wW(＃°Д°)wW(＃°Д°)wW(＃°Д°)wW(＃°Д°)wW(＃°Д°)wW(＃°Д°)wW(＃°Д°)wW(＃°Д°)wW(＃°Д°)wW(＃°Д°)wW(＃°Д°)wW(＃°Д°)wW(＃°Д°)wW(＃°Д°)wW(＃°Д°)wW(＃°Д°)wW(＃°Д°)wW(＃°Д°)wW(＃°Д°)wW(＃°Д°)wW(＃°Д°)wW(＃°Д°)wW(＃°Д°)wW(＃°Д°)wW(＃°Д°)wW(＃°Д°)wW(＃°Д°)wW(＃°Д°)wW(＃°Д°)wW(＃°Д°)wW(＃°Д°)wW(＃°Д°)wW(＃°Д°)wW(＃°Д°)wW(＃°Д°)wW(＃°Д°)wW(＃°Д°)wW(＃°Д°)wW(＃°Д°)wW(＃°Д°)wW(＃°Д°)wW(＃°Д°)wW(＃°Д°)wW(＃°Д°)wW(＃°Д°)wW(＃°Д°)wW(＃°Д°)wW(＃°Д°)wW(＃°Д°)wW(＃°Д°)wW(＃°Д°)wW(＃°Д°)wW(＃°Д°)wW(＃°Д°)wW(＃°Д°)wW(＃°Д°)wW(＃°Д°)wW(＃°Д°)wW(＃°Д°)wW(＃°Д°)wW(＃°Д°)wW(＃°Д°)wW(＃°Д°)wW(＃°Д°)wW(＃°Д°)wW(＃°Д°)wW(＃°Д°)wW(＃°Д°)w', 1, 0, ''),
(79, 1, 1364574264, 3736210164, '我不知道是在怀念你还是在怀念过去，尽管已经分开了很久，心里还是难过的，特别是当，一个人的时候。', 1, 0, ''),
(442, 1, 1365499011, 3549117462, '红霞女神，我还对你旧情难忘', 1, 0, ''),
(80, 1, 1364619952, 3662086133, '发了短信给他，下午不知道可不可以在图书馆遇到他！好开心！', 0, 0, ''),
(81, 1, 1364619957, 3662086133, '发了短信给他，下午不知道可不可以在图书馆遇到他！好开心！', 1, 0, ''),
(82, 1, 1364627814, 2002076411, '如果再看你一眼 是否还会有感觉 最真实的喜怒哀乐全都埋葬在昨天 ', 1, 0, ''),
(83, 1, 1364627815, 2002076411, '如果再看你一眼 是否还会有感觉 最真实的喜怒哀乐全都埋葬在昨天 ', 1, 0, ''),
(441, 1, 1365498687, 3549117462, '杨红霞，看到真的多人跟你表白，我才明白我有多在乎你。如果可以，我们可不可以重新开始。我爱你。', 1, 0, ''),
(440, 1, 1365498521, 1905136009, '围观黑红霞→_→', 1, 0, ''),
(84, 5, 1364628390, 2002076411, '测试双击。', 1, 0, ''),
(323, 1, 1365354473, 1905136072, '一直喜欢一个大二的学姐，她是我舞伴，但是她不喜欢我，哎，虽然还一起跳舞，但是感觉好难受啊', 1, 0, ''),
(85, 5, 1364628710, 2002076411, '$("#btn_send").css("cursor","wait");', 1, 0, ''),
(322, 4, 1365354454, 3737558028, '睡不着怎么办(生病)', 1, 0, ''),
(86, 1, 1364631498, 1905136035, '周末上课伤不起。', 1, 0, ''),
(439, 1, 1365498395, 3737557832, ' 你们黑红霞女神有意思么', 1, 0, ''),
(87, 1, 1364641300, 3662086133, '图书馆没有你的身影，我也仅仅是进进出出。你说你有事。我也去陪好基友。也许注定就是这样。人生因为太多的事情而错过。你总是说我是猪。你说我懒，笨。我说你也比我好不到哪里去，你也是猪。那天你承认了，你说你累了，其实我也累了。今天晚上的你好么。我想你了！', 1, 0, ''),
(438, 1, 1365498209, 1905136009, '未来火了。。', 1, 0, ''),
(88, 1, 1364649845, 3662086133, '又去看了留言板，看见最多的还是他和EX的对话。感觉他们那个时候应该不错，什么时候才可以成为他的心上人。', 1, 0, ''),
(89, 1, 1364657620, 3662086133, '夜深了、、辉你睡了么。。我想你了!', 1, 0, ''),
(437, 1, 1365498197, 3549117459, '今天天气这是不错啊。。', 1, 0, ''),
(90, 1, 1364658182, 2102508607, '你一定不知道，我一次次偷偷想起你。', 1, 0, ''),
(91, 1, 1364658624, 3737558911, '喜欢一个人不一定要说出来', 1, 0, ''),
(436, 1, 1365497984, 3719440639, '杨红霞我也喜欢你，楼上的几个秃驴不要跟贫道抢！', 1, 0, ''),
(92, 1, 1364659285, 3737558818, '哈哈哈  我就是无聊想问问 有多少人是在暗恋一个在自己心里是遥不可及的人的？', 1, 0, ''),
(435, 1, 1365497815, 1971854940, '杨红霞我也喜欢你，楼上两个不要和我抢', 1, 0, ''),
(93, 1, 1364731961, 1905136031, '清明节好像找个人一起出去玩。。。。随便谁都行。。。。', 1, 0, ''),
(434, 1, 1365497624, 1905135997, '杨红霞我也一直很喜欢你', 1, 0, ''),
(94, 1, 1364732900, 3662086037, 'TESTTESTTEST', 1, 0, ''),
(95, 1, 1364747833, 2102508637, '第一次看见你是第二周，在西门你用棉签蘸着水给流浪狗清洗受伤的耳朵，我好奇一个小女生为啥不怕脏不怕狗咬。第二次看见你是高数课，我迟到正好撞见你揉着睡眼惺忪的眼睛，说同学前面有座。第三次见你是在地铁站，你牵着老奶奶过完马路然后跑回来坐上原本我打算坐的三轮。之后好像撞见你的次数多了，在路边踮着脚看树上的花，把爬到路上的蜗牛放回草坪里，迟到了背着画板冲去上课，崴了脚吐吐舌头自嘲的笑笑。今天和室友一起回寝室，见到你背着白色的书包，从松一蹦跶着回寝室，唱着杨宗纬唱的那首流浪记【如果有一天我变得更复杂，还能不能唱出歌声里的那幅画】，歌声是想象中的好听。其实没啥其他的想法，虽然我没拿回我的作业，但我知道了你叫代雅馨。原谅我这个没勇气的人打扰。你真的像我的初恋，记忆中美好的样子。你男朋友很不错，祝你幸福代雅馨。始于树洞，也止于树洞吧。', 1, 0, ''),
(96, 1, 1364748210, 2102508637, '我变得更复杂，还能不能唱出歌声里那幅画】，歌声是想象中的好听。其实没啥其他的想法，虽然我没拿回我的作业，至少我知道你叫代雅馨。你真的像我的初恋，记忆中美好的样子。祝你幸福代雅馨，你男朋友很不错。始于树洞也止于树洞吧。原谅我这个没勇气的人打扰', 1, 0, ''),
(433, 1, 1365497469, 1905135986, '做为一个土木的汉纸，建管太让人羡慕了！外国语更是一种不敢仰望的高度！', 1, 0, ''),
(97, 1, 1364749205, 3549117462, '亲爱的，愚人节请允许我说一次真话，我真的很爱你，特别爱你，请让我永远爱下去好吗？不要再乱想以后我也许会离开你了好吗？我不会的。', 1, 0, ''),
(432, 1, 1365496687, 3549117462, '杨红霞，我一直都很喜欢你。', 1, 0, ''),
(98, 1, 1364749221, 3736210164, '喜欢一个人本来就是身不由己的事，我不觉得让你知道有什么不好，委屈自己假装对你没有感觉有什么用呢，那不会让我快乐。我真的不后悔。', 1, 0, ''),
(431, 1, 1365487970, 1971854914, '其实黑暗', 1, 0, ''),
(99, 1, 1364749724, 3720486559, '多少人借着愚人节开着玩笑说出自己的心里话 虽然那个人距我千里之外 但是在我最低谷的时候能够鼓励我 可能我永远不会和她在一起 但是我只想悄悄的喜欢着她 我不求她能看到 但只是很谢谢她 我很喜欢她在电话里给我唱歌的感觉', 1, 0, ''),
(100, 1, 1364750371, 2102507962, '想找个人   不管是不是女朋友  能常一起去追梦就好  不会感觉大学还会留下遗憾就好', 1, 0, ''),
(430, 1, 1365484338, 708709003, 'ZRY 我不是你 我永远不知道你在想什么。', 1, 0, ''),
(101, 1, 1364750898, 2073294176, '王天艺，或许我只能在今天这种日子用这种方式告诉你一直没敢和你说的话，我喜欢你，你一定要幸福，也要继续为了你的梦想努力！', 1, 0, ''),
(429, 4, 1365478901, 1971856140, '比起男朋友...其实更想要女生啊.....', 1, 0, ''),
(102, 1, 1364752156, 2102508184, '如果今天是最真实的一天', 1, 0, ''),
(103, 1, 1364753254, 2102508184, '.', 1, 0, ''),
(428, 1, 1365476761, 3659177782, '再发一条~~白凯文、嘿嘿〜', 1, 0, ''),
(104, 1, 1364756961, 3402238457, '崩溃中。', 1, 0, ''),
(427, 1, 1365472318, 3736210160, '树洞里有妹子吗，有的话出来一个晒', 1, 0, ''),
(105, 1, 1364772426, 1905136072, '有些感觉不在了，却还是习惯性的走下去。很多东西越来越不在乎了，越来越不懂爱了，不会爱了', 1, 0, ''),
(426, 1, 1365469982, 2002198310, '怎么这么冷T_T', 1, 0, ''),
(106, 1, 1364772435, 3754969614, '愚人节又是情人节\n\n\n', 1, 0, ''),
(425, 1, 1365469585, 1905136062, '连续几天12节从b区跑a区，闹心啊', 1, 0, ''),
(107, 1, 1364775551, 1905136078, '郑鸿积，我已经注意你很久了', 1, 0, ''),
(108, 1, 1364789964, 2073293859, '我和你那么近，却感觉那么远。', 1, 0, ''),
(424, 1, 1365469272, 1905136050, '没吃早点。。。。我饿老。。。求一教各路好汉资助\n', 1, 0, ''),
(109, 1, 1364791881, 3662086137, '蔡明月，我得女神', 1, 0, ''),
(110, 1, 1364794109, 1697531957, '话说10级的男女比，到底为多少哦……', 1, 0, ''),
(423, 1, 1365469169, 3736210168, '某人持续一年给我各种烦恼和郁闷。求拯救', 1, 0, ''),
(111, 1, 1364813642, 1971854942, '那天看到你是在熙街，不知道为什么总会在熙街遇到你，鸡排的味道很好，可惜没有你的陪伴总感觉缺少了点什么？只是隐约在你的电话中知道你叫小胖，在重大。。。后来每次见到你身边总会有一个女孩子，你是喜欢那种类型的么？不好意思与你打招呼～曾小强，为什么最近不会回我的微信了呢你？', 1, 0, ''),
(422, 1, 1365469104, 1905136062, '宋之鹏是个受', 1, 0, ''),
(112, 1, 1364826710, 3737558852, '求帅哥啊。。求帅哥。。', 1, 0, ''),
(421, 1, 1365468976, 1971854918, '陈科羽，我喜欢你', 1, 0, ''),
(113, 1, 1364881727, 3662086115, '已经大二了，还有很多之前在高三时就想好的事没去做，因为缺乏勇气，因为自己的胆怯，害怕改变，很少花时间去想想未来，想想将来的我会是什么样，习惯了顺其自然之后，什么无所谓了，因为害怕认真会带来伤害，我们都从此抱着玩笑的心态。对自己喜欢的人是这样，只能开玩笑，不敢讲真话。', 1, 0, ''),
(114, 1, 1364905548, 1905136017, '好男人都去哪儿了？？', 1, 0, ''),
(420, 1, 1365468204, 2002191495, '做为一个b区的孩纸，a区太让人羡慕了！虎溪更是一种不敢仰望的高度！', 1, 0, ''),
(115, 1, 1364915107, 3737558942, '真心觉得重大有三个现象特别突出：1.女生80%都是背影杀手，80%的背影杀手都是绝对的正脸“杀手”；2.重大长得漂亮、性格开朗的女生要么没人追，要么追求的男生都太非主流，什么“带你一起去流浪”“就喜欢你这样有脾气的女生”囧...3.漂亮妹子的男朋友40%肥头大耳、或者长得特别猥琐，还有40%特别脑残，心智小学水平。', 1, 0, ''),
(116, 1, 1364916423, 3737558918, 'hello world', 1, 0, ''),
(117, 1, 1364917273, 3402239013, '你就是贪心知道么，别说什么怕失去所以做好朋友，真是假死了。', 1, 0, ''),
(419, 1, 1365454590, 1905136018, '半夜醒了，只想说昨天晚上不是别人黑你，一整个宇宙，换一颗红豆。', 1, 0, ''),
(118, 1, 1364918133, 2102509037, '难道会公布到公共主页么...问一下大家...清明大家都去哪儿玩啊~', 1, 0, ''),
(418, 1, 1365450644, 2073294155, '竹二有人没睡么？我接口水喝，渴醒了', 1, 0, ''),
(119, 1, 1364919295, 1905136000, '鼓足勇气把暗恋挑明却发现她好像对我不大感兴趣，罢了，屌丝注定孤独一生，我尊重你的态度，L L 。', 1, 0, ''),
(417, 1, 1365447485, 2073294101, '哎呀喂呀！失眠老！！', 1, 0, ''),
(120, 1, 1364919877, 2002252926, '终会有结束的一天。', 1, 0, ''),
(416, 1, 1365446666, 1783759359, 'JOE', 1, 0, ''),
(121, 1, 1364921200, 3736210161, '我会考上华科的！', 1, 0, ''),
(122, 1, 1364921502, 1783782906, '她都不理我啊，明天继续！！', 1, 0, ''),
(415, 1, 1365445663, 3688722212, '夜深人静的时候，要剪片子，别蓝屏求给面', 1, 0, ''),
(123, 1, 1364921639, 3736210161, 'TEST：不登陆人人也可以说话吗？', 1, 0, ''),
(124, 1, 1364922262, 2102508267, '如果我们想听到掌声，那我们当初就加入马戏团了。--逃离德黑兰。X', 1, 0, ''),
(414, 1, 1365445437, 3549117462, '夜深人静的时候就应该爬上室友的床來一发。', 1, 0, ''),
(125, 1, 1364925327, 2392265693, ' ', 1, 0, ''),
(126, 1, 1364925581, 1905136064, '有什么很好看的动漫啊？积极，向上的。', 1, 0, ''),
(413, 1, 1365444926, 3688722212, '。。。。祝天下的情侣都是失散多年的兄妹', 1, 0, ''),
(127, 1, 1364928886, 2319698391, '想找炮友', 1, 0, ''),
(412, 6, 1365444902, 3662086027, '距离，从不会分开两颗真正在乎彼此的心。', 1, 0, ''),
(128, 1, 1364932285, 1697537572, '二级求过', 1, 0, ''),
(129, 1, 1364948411, 3736210162, '这真能保密么', 1, 0, ''),
(411, 4, 1365444888, 3662086027, '距离，从不会分开两颗真正在乎彼此的心。', 1, 0, ''),
(130, 1, 1364950626, 2073268406, '重大你好 重大再见-_-||', 1, 0, ''),
(131, 1, 1364953133, 3549117459, '你不知道的事情太多了。', 1, 0, ''),
(410, 1, 1365444874, 3662086027, '距离，从不会分开两颗真正在乎彼此的心。', 1, 0, ''),
(132, 1, 1364954113, 1905135998, '谁是表演艺术家呢？', 1, 0, ''),
(133, 1, 1364955954, 3662086133, '忍不住想要找你。但是却不能。怕。。辉', 0, 0, ''),
(134, 1, 1364956066, 2030613818, '我想知道 这条秘密下的留言回复给了谁？是我自己么', 1, 0, ''),
(135, 1, 1364960326, 3688722212, '我爱宋歌 ', 1, 0, ''),
(136, 1, 1364960522, 3662086085, '貌似北大门又出车祸了。去年的事情过后，有教师作为人大代表向沙坪坝公安局提过提案。阳光重庆也有人提过安装红绿灯。也曾给交管，交巡警什么的打过电话，后来推到了一个安装红绿灯的工程部门。肖铁岩微博上也@过有关部门。无论怎样，政府很扯淡，可我没看到重庆大学官方正式和政府交涉过。校长邮箱也没有人回复。副部级高校哎，说句话肯定比我们这些屁民管用的多。众位领导倒不用走那里。当真一个呵呵。', 1, 0, ''),
(137, 1, 1364960643, 3688722212, '我背吉他 我带相机 你去哪了', 1, 0, ''),
(409, 1, 1365444771, 2102508315, '三十天了 么么哒 爱你 一起开始三十天，没有吵架，没有怄气，没有不开心，除了我们的作业任务好多。但是我们在一起的三十天，开心，欢乐，充满能量，一起走过下一个三十天，慢慢来，我们相信爱情 就是这样，真的可以找的那个完美无缺的right。 我爱你 x', 1, 0, ''),
(138, 1, 1364963198, 2073474932, '喜欢我的 我不喜欢 我喜欢的 他不喜欢我 他喜欢的 不喜欢他。。虽说“我命由我不由天” 但是也不得不说 也许冥冥之中真的注定了结果吧。。一年之约也不知道你答应了没 也许你就是这么烦我 不愿意搭理我吧 不管怎样 我一定会让自己在这一年里变得优秀优秀再优秀！然后华丽丽的出现在你的面前！！', 1, 0, ''),
(408, 1, 1365444635, 1905136109, '看看这里能不能发出去', 1, 0, ''),
(139, 1, 1364964232, 2102509278, '我开始去试着不抽烟，我开始晚睡，等你睡觉了才睡，我开始越来越多去图书馆，我开始练吉他指弹，我这一切都是为了你…终有一天我会站在你面前说，我准备好爱情，从天而降了。', 1, 0, ''),
(407, 6, 1365444320, 1905136109, '真的有那么难发', 1, 0, ''),
(140, 1, 1364966307, 3737558939, '下次耍别人就得在4月2号，不知道昨天的那个快递短信有人中枪了没有。', 1, 0, ''),
(141, 1, 1364967386, 3549117462, 'Ping an.I love that u are the last person I want to talk to before I go to sleep at night.And to the world u may be one person.But to me u may be the world.', 1, 0, ''),
(406, 1, 1365444267, 3688722212, '巴拉巴巴吧，我是个农夫，农夫果园，味道好极了~', 1, 0, ''),
(142, 1, 1364967593, 3736210163, 'A区的宿舍维修能不能速度点！厕所灯从上学期坏到现在！', 1, 0, ''),
(143, 1, 1364968304, 2102508784, '我努力让自己变好，我试着戒烟，我试着认真学习，我每天晚上等你睡了才睡。我希望有一天，我可以站在你面前对你说：我准备好爱情从天而降了。', 0, 0, ''),
(405, 1, 1365443175, 3688722212, '我是一老爷们儿，明天有课但是我想去学吉他', 1, 0, ''),
(144, 1, 1364971302, 3688722170, '大一作弊学位证迟发，一站考研失败，准备二战害怕到时候因为这件事录取受影响，有没有知情人士知道这件事可以去求谁，如何拿到学位', 1, 0, ''),
(404, 1, 1365443058, 1905136079, '这夜是有多思恋，多么辗转难眠。', 1, 0, ''),
(145, 1, 1364972706, 2102509133, '我努力让自己变好，我试着戒烟，我试着认真学习，我每天晚上等你睡了才睡。我希望有一天，我可以站在你面前对你说：我准备好爱情从天而降了。', 1, 0, ''),
(146, 1, 1364989927, 2102507698, '松五男神在此求偶起合体，本人谢师傅学号17呃呃，手机号18883878408，愿意为女生煮饭未男生生娃~~', 1, 0, ''),
(403, 1, 1365442402, 1971854922, '总是怀念你。ZQY。我要去哪里找到你。', 1, 0, ''),
(147, 1, 1364998865, 3662086133, '谁可以告诉我：到底要在本子上写多少次你的名字，你才会喜欢我。、今天上选修一直在想你的事情。\n如果只是喜欢，就不必夸张成爱了！辉。', 1, 0, ''),
(402, 1, 1365439950, 2073294189, '本宿舍山东汉子TC待售中，求优质妹子', 0, 0, ''),
(148, 1, 1365000610, 1783811712, '有没有酷爱打乒乓球的妹子啊?明晚出来玩吧！！^O^^O^', 1, 0, ''),
(401, 1, 1365439601, 2073294189, 'Xy, I luv u so much. All the time.', 1, 0, ''),
(149, 1, 1365008211, 3737558028, '好像一不小心又让个银想太多了，大清明的不要抽风╮(╯▽╰)╭。', 1, 0, ''),
(150, 1, 1365011305, 2102508139, '嗯     说想你啦   会不会有些。。。觉得我们都快成为陌生人了     ', 1, 0, ''),
(400, 1, 1365438419, 1971854938, '总有那么一些无聊的爱多管闲事的人，不关你的事就少管，说谁谁心里清楚', 1, 0, ''),
(151, 1, 1365011756, 3688722212, '我老了不会做爱了 你还会爱我么 ', 1, 0, ''),
(152, 1, 1365011820, 1905136035, '假期你会去哪里呢？好想来个邂逅', 1, 0, ''),
(399, 1, 1365437729, 3662086027, '明天考试求大神求人品求百度求兄弟求给力求各种求(mb)(mb)(mb)', 1, 0, ''),
(153, 1, 1365012166, 3025509326, '这一生，我总是在笑，虽然有些时候感觉完全没什么可笑的，但是我也没改变面容，但是今天我发觉，我累了，我再也不想笑了，没什么可笑的了', 1, 0, ''),
(398, 1, 1365437700, 248250587, '异地恋实在太他妹的悲剧了！', 1, 0, ''),
(154, 1, 1365013015, 3670045309, '/////', 1, 0, ''),
(397, 1, 1365436646, 533535640, '我猜树洞君姓徐：D', 1, 0, ''),
(155, 1, 1365013118, 3688722212, '每一天都有一种擦拉黑的感觉', 1, 0, ''),
(396, 6, 1365435227, 3736210167, '有那么难发么？＠_＠我试试。', 1, 0, ''),
(156, 1, 1365017947, 2102508943, 'only when i sleep.--X', 1, 0, ''),
(157, 1, 1365026045, 1905135963, '唯心，你为什么不爱我？！！！', 1, 0, ''),
(395, 1, 1365434080, 3736210167, '得不到的永远在骚动，被偏爱的都有恃无恐．．', 1, 0, ''),
(158, 1, 1365036993, 1905136037, '我一直以为会跟他在一起，可是有一天他告诉我终于追到了心仪的女生', 1, 0, ''),
(159, 1, 1365038260, 2937079108, '放在树洞里的秘密', 1, 0, ''),
(160, 1, 1365050050, 3737558901, '我想就这样和你一直坐在一教外面的椅子上。。一直。一直', 1, 0, ''),
(161, 1, 1365050146, 2002252921, '谢谢你，可爱的孩子。', 1, 0, ''),
(162, 1, 1365052887, 2102464206, '不开心，下雨天了怎么办 ', 1, 0, ''),
(163, 1, 1365068737, 3737558901, '当我纠结晚上要吃什么的时候，你说你在三峡。。。想和你一起去吃饭。看来今天是不行了。。', 1, 0, ''),
(164, 1, 1365073799, 3662086104, ' 准备了好几首歌，到时候现场唱给你听。', 1, 0, ''),
(165, 1, 1365074460, 1942204619, 'fuck', 1, 0, ''),
(394, 1, 1365433812, 3662086133, '我知道你放不下你的EX。我知道你仅仅当我是个基友。其实我也知道我们不可能在一起，以前我就很清楚的告诉自己，我要控制住我自己对你的感情。但是，每天都想知道你在做什么，所以总是找各种借口和你说话，发信息。但是我还是基友，不知道时间可不可以冲淡一切，150天后，如果还是这样，我就向你表白，不论结果如何。', 1, 0, ''),
(166, 1, 1365079030, 2073474718, '清明时节雨纷纷，路上行人欲断魂。借问酒家何处有，有啊，你从前面右转第二排架子上就有啊，哦好谢谢，不会啊。', 1, 0, ''),
(393, 6, 1365432814, 3402379160, '再发不上去就不玩这玩意了', 1, 0, ''),
(167, 4, 1365079342, 2073474718, '清明时节雨纷纷，路上行人欲断魂。借问酒家何处有，有啊，你从前面右转第二排架子上就有啊，哦好谢谢，不会啊。', 1, 0, ''),
(361, 1, 1365404811, 3549117462, '杨星星 我喜欢你喜欢你喜欢你 怎么办呐〜，〜   今晚一起睡吧( ´ ▽ ` )ﾉ', 1, 0, ''),
(168, 4, 1365080562, 2105135784, '什么玩意', 1, 0, ''),
(169, 4, 1365081189, 987203680, '我觉得自己是个疑心很重又阴险的人。', 1, 0, ''),
(360, 1, 1365404035, 1905136032, '走出门3秒寝室门就被风锁上了(生病)，不过外面天气不错啊(微笑)', 1, 0, ''),
(170, 4, 1365082167, 987203681, '我发现了一块新的领地，，，，', 1, 0, ''),
(171, 4, 1365083371, 987203681, '其实，我只是想嫁到一个有文化氛围的开明的家庭，我不靠男人养活，甚至我可以接受男人做家庭妇男，所以最重要的是男人脾气一定要好，他的家庭氛围必须要和谐。和谐，，，，， ', 1, 0, ''),
(172, 4, 1365085054, 2105135784, '公管院现在玩这个微博十八大什么的太恶心了，真他妈的恶心，简直糟蹋了中国梦', 1, 0, ''),
(359, 1, 1365403937, 1905135970, '我不能确定我是否能成功，但我会竭尽全力，因为这样换来胜利的喜悦亦或是失败的绝望都能给人彻底的解脱', 1, 0, ''),
(173, 1, 1365086774, 3737558901, '自从收到你的信息之后就好开心。。', 1, 0, ''),
(392, 1, 1365432672, 1022839823, '求告知弘深的余睿有女朋友了吗？', 1, 0, ''),
(174, 4, 1365088825, 1971849314, '从很久以前开始喜欢你，最近偶然的一次机会，我们联系开始频繁，其实想法只有一个，希望你能幸福，不管怎样，我都会在不远处，等着你\n', 1, 0, ''),
(358, 1, 1365403829, 3659177534, '嗯哼，是谁在和我抢白凯文啊啊啊。。', 1, 0, ''),
(175, 4, 1365089639, 987203636, '已经不知道喜欢一个人是什么感觉了。', 1, 0, ''),
(176, 4, 1365090076, 3673335026, '哎。。。', 1, 0, ''),
(357, 4, 1365403262, 987203680, '其实，我是个很专一的人，但有点感情洁癖。', 1, 0, ''),
(177, 4, 1365092271, 3026411648, '。。。', 1, 0, ''),
(178, 4, 1365092773, 987203652, '毫无睡意怎么破。。。', 1, 0, ''),
(179, 4, 1365094141, 3026411648, '目前没什么重大愿望，只想你能开心点，别让生活太压抑。', 1, 0, ''),
(356, 1, 1365400213, 3662086033, '七哥说得对啊，不痛的前提是不爱。也许只是想找个人陪，却日久生情。我不该爱上你，对吧？', 1, 0, ''),
(180, 4, 1365095434, 987203645, '其实我不是真的爷们儿，，，，', 1, 0, ''),
(181, 4, 1365097606, 3736210167, '其实我不是真的女生，，，，，', 1, 0, ''),
(355, 1, 1365400206, 3662086033, '七哥说得对啊，不痛的前提是不爱。也许只是想找个人陪，却日久生情。我不该爱上你，对吧？', 0, 0, ''),
(182, 1, 1365097799, 1905136039, '就这样子过吧，既然你想过你自己的生活，那也请你让我安心过我自己的生活', 1, 0, ''),
(391, 1, 1365432269, 1022839823, '= =真的匿名嘛？', 1, 0, ''),
(183, 1, 1365099051, 2073294187, '或许是个错误，可是我舍不得', 1, 0, ''),
(390, 4, 1365431743, 988826347, '我想长肉！！！', 1, 0, ''),
(184, 4, 1365099169, 987203637, '楼下可以睡了     ', 1, 0, ''),
(185, 1, 1365105372, 1697537572, '哥终于把电脑拆了，装不起来了╭(╯ε╰)╮', 1, 0, ''),
(389, 4, 1365431192, 2045578266, '被黑出翔了。。。求帮忙。。。', 1, 0, ''),
(186, 1, 1365116794, 2002252921, '早起的虫儿有鸟吃。', 1, 0, ''),
(187, 1, 1365117568, 3684177400, '做好自己，静待缘分', 1, 0, ''),
(388, 4, 1365431025, 1971856156, '我没有很喜欢他''''只是看到他很高兴而已''''''', 1, 0, ''),
(188, 4, 1365122482, 1933350291, '不想回学校还是家里爽', 1, 0, ''),
(189, 4, 1365123903, 987203638, '天不刮风，天不下雨，天上有太阳', 1, 0, ''),
(354, 1, 1365399664, 3549117462, '我宁愿所有的痛苦都留在心里，也不愿忘记你的眼睛。如你一般闪亮的眼睛。', 1, 0, ''),
(190, 4, 1365125332, 987203690, '.没想到这么快就要在爱情和面包之间做出选择。想了两全的方法，自己却好累，要加油了！', 1, 0, ''),
(191, 4, 1365125708, 2059535261, '越是喜欢一个人，越是不想讲太多，可越是不想讲太多，就越不能引发别人兴趣...也许这就是命吧，注定没妹子...=_=', 1, 0, ''),
(353, 1, 1365399609, 1783764592, '妈妈说  孩纸   就当他只是和你开了一个短暂的玩笑吧   认真你就输了', 1, 0, ''),
(192, 4, 1365127622, 987203665, '试一下。', 1, 0, ''),
(352, 1, 1365398942, 1783764592, '求解脱', 1, 0, ''),
(193, 1, 1365130025, 1905135967, '好大的风，好冷啊＠_＠。', 1, 0, ''),
(194, 4, 1365130986, 1971856142, '试一下O_o', 1, 0, ''),
(351, 1, 1365398749, 1996815413, '我真的好邪恶哦。。。', 1, 0, ''),
(195, 1, 1365132139, 1905136076, '风好大，你在外面旅游，冷么？', 1, 0, ''),
(196, 1, 1365132762, 2073474798, '范冬冬爱崔海波', 1, 0, ''),
(197, 1, 1365134558, 3662086130, '冬冬爱的明明是程洋……', 1, 0, ''),
(387, 1, 1365430509, 3737559029, '前路太凶险了，你能不能回来，你能不能不要丢下我一个人不管。我说不爱你了，不想你了，都是假的，我只要你在我身边，一直一直拉着我的手不要放', 1, 0, ''),
(198, 1, 1365137117, 2073294162, '多在乎我一点', 1, 0, ''),
(199, 4, 1365137396, 987203644, '做了太久强势的人，好希望有个可以依靠的肩膀。', 1, 0, ''),
(350, 1, 1365396352, 1905136038, '有些东西说破了就再也回不去了、！', 1, 0, ''),
(200, 4, 1365137849, 3730815621, '楼下的我可以当你的肩膀-.-', 1, 0, ''),
(349, 1, 1365396250, 2073474916, '白凯文~', 1, 0, ''),
(201, 4, 1365138145, 3084130797, '放假回家好无聊啊！还在床上躺着！', 1, 0, ''),
(202, 1, 1365138306, 3662086055, '是什么让你迷恋这样的放肆。心软是病，得治！--X', 1, 0, ''),
(386, 1, 1365429375, 1971854925, '因为你告诉我你不在操场，所以，我就不用眯着眼睛找你们学院的方阵了。', 1, 0, ''),
(203, 1, 1365140327, 1971855092, '我是想挡雨的', 1, 0, ''),
(385, 1, 1365429065, 3737558956, '我是人渣！人渣！！人渣！！！', 1, 0, ''),
(204, 4, 1365141070, 987026400, '天气真差。。。', 1, 0, ''),
(205, 4, 1365141363, 999779060, '天冷了，你注意点。', 1, 0, ''),
(206, 4, 1365141808, 999782438, '我知道你在干嘛，别装了。', 1, 0, ''),
(348, 1, 1365394858, 1697532862, '我欠你一个过去，但我不愿欠你一个未来，欠你一生，2013凤凰涅磐的一年，这次出去想了很多，我想如果还有机会再三年同学，我希望能珍惜这段缘分', 1, 0, ''),
(207, 4, 1365141923, 987203686, '想找个女孩儿做女友呢', 1, 0, ''),
(347, 1, 1365394511, 1905135969, '我好想忘记虎溪的你', 1, 0, ''),
(208, 4, 1365142027, 3722598346, '分手之后，又特别孤单，唉。', 1, 0, ''),
(209, 4, 1365142700, 3027709760, '喝喝', 1, 0, ''),
(346, 1, 1365393903, 708709016, '心悦君兮君不知。', 1, 0, ''),
(210, 4, 1365143092, 987026400, '楼上是基佬。。。', 1, 0, ''),
(211, 4, 1365145566, 987203643, '楼上我爱你', 1, 0, ''),
(345, 1, 1365392730, 1905135950, '明知道她不好，也已经分手了，但心里还是无法完全放下。', 1, 0, ''),
(212, 4, 1365145660, 987203681, '就要毕业咯，好想再谈一次恋爱，本人男', 1, 0, ''),
(344, 1, 1365386826, 2002252920, '遗忘过去，珍惜现在，期盼未来，谈何容易。', 1, 0, ''),
(213, 4, 1365149641, 3708186232, '在家好无聊！讨厌阴雨天！！', 1, 0, ''),
(343, 4, 1365385847, 987203676, '一个人', 1, 0, ''),
(214, 4, 1365158207, 987026400, '快到碗里来～～～', 1, 0, ''),
(342, 6, 1365384275, 1905136057, '能不能设置相同的用户名', 1, 0, ''),
(215, 4, 1365159041, 2104935871, '连朋友都做不成了，很伤心', 1, 0, ''),
(341, 6, 1365383961, 1905136029, '何蛋是个桔', 1, 0, ''),
(216, 4, 1365160728, 3401840541, '猴哥，猴哥，你真了不得，，，，，，，，', 1, 0, ''),
(217, 1, 1365161390, 3736210170, '清明时节雨纷纷，雨纷纷啊雨纷纷，雨纷纷啊雨纷纷，雨纷纷啊雨纷纷，雨纷纷啊雨纷纷，雨纷纷啊雨纷纷，雨纷纷啊雨纷纷，雨纷纷啊雨纷纷，雨纷纷啊雨纷纷，雨纷纷啊雨纷纷，雨纷纷啊雨纷纷，雨纷纷啊雨纷纷，雨纷纷啊雨纷纷，雨纷纷啊雨纷纷，雨纷纷啊雨纷纷，雨纷纷啊雨纷纷，雨纷纷啊雨纷纷，雨纷纷啊雨纷纷，雨纷纷啊雨纷纷，雨纷纷啊雨纷纷，雨纷纷啊雨纷纷，雨纷纷啊雨纷纷，雨纷纷啊雨纷纷，雨纷纷啊雨纷纷，雨纷纷啊雨纷纷，雨纷纷啊雨纷纷，雨纷纷啊雨纷纷，雨纷纷啊雨纷纷，雨纷纷啊雨纷纷，雨纷纷啊雨纷纷，雨纷纷啊雨纷纷，雨纷纷啊雨纷纷，雨纷纷啊雨纷纷，雨纷纷啊雨纷纷。', 1, 0, ''),
(218, 4, 1365168683, 987203683, '刚刚九点来钟南苑超市 ，昨天下午不到两点，他穿一身镶金边的黑色运动衣，带着黑色的布帽，骑一辆黑色的自行车，身高大约178瘦瘦的样子，，，我稍稍心动了一下，，，，，嘻嘻，，，花痴了！', 1, 0, ''),
(219, 4, 1365169912, 2104935871, '我只想知道这是怎么实现的。。谁做的。。', 1, 0, ''),
(220, 4, 1365172121, 987203688, '想你，晚安。', 1, 0, ''),
(340, 1, 1365383316, 3662086069, '情窦再开，每次想当面表白时总是紧张得忘词，如果你不笨应该知道我很喜欢你，是不是就在等我说出口？！每时每刻都想看到你，熊猫，我喜欢你！', 1, 0, ''),
(221, 4, 1365173428, 987203685, '如果再次遇见，绝不错过，，，，，，，', 1, 0, ''),
(222, 4, 1365173627, 987203645, '翟一鸣是哪个啊,跟主页有神马关系么??', 1, 0, ''),
(339, 4, 1365381096, 1905135973, '昨天下午洞是不是坏了(生病)发几次发不出去(叹气)好忧桑(难过)', 1, 0, ''),
(223, 4, 1365174812, 1927552573, '我会告诉你其实我觉得我经常很2吗', 1, 0, ''),
(338, 4, 1365380697, 1033803988, '好神奇好神奇', 1, 0, ''),
(224, 4, 1365175613, 1880504531, '什么情况', 1, 0, ''),
(225, 4, 1365178053, 987203686, '林志炫好腻害，杨宗纬也好可爱。哎哟……过了睡觉的点了睡不着了……完蛋鸟……', 1, 0, ''),
(337, 4, 1365379952, 987203678, '不知道事实的人真是可悲。呵呵。。', 1, 0, ''),
(226, 4, 1365178549, 1884470124, '胖子你个代笔！', 1, 0, ''),
(336, 4, 1365379763, 2019498172, '求助：这个主页是如何创建的，求指点', 1, 0, ''),
(227, 4, 1365178961, 987203690, '祝我可爱漂亮的路痴白羊妹妹王晶晶生日快乐！学业快乐！恋爱也快乐！总之，在快乐上不要输给任何人呢！----房哥敬上', 1, 0, ''),
(228, 4, 1365182624, 1880504531, '→_→', 1, 0, ''),
(335, 1, 1365379455, 1905136109, '真爱不是一次两次的冲动，而是时间沉淀。这样的决定对大家都好。', 1, 0, ''),
(229, 1, 1365215229, 3752198472, '我要读哲学!', 1, 0, ''),
(384, 1, 1365428763, 3737558956, '啊啊啊啊啊啊啊啊啊啊啊啊啊啊啊啊啊啊！！！————！！！！！！！！', 1, 0, ''),
(230, 4, 1365217395, 987203661, '下午一点二十，离开淮安，回学校。同样精彩！', 1, 0, ''),
(334, 4, 1365379406, 2019498172, '啦啦啦', 1, 0, ''),
(231, 1, 1365224679, 1971855090, '真尼玛无语，脑子又长泡了？', 1, 0, ''),
(232, 1, 1365225849, 1971855090, '我每回都告诉自己，再坚持，再坚持，坚持。。。是啊，喜欢的自然会坚持，但是就像地震后的求救一样，太久了没有响应也会使人丧失信念。我不知道你在想什么，可能你觉得我配不上你吧。。。我之所以那么坚持是因为我不想几十年后后悔不已，因为我觉得真的很好', 1, 0, ''),
(233, 1, 1365226435, 1971855090, '要不是五分钟才能发一次，我真尼玛想把树洞刷爆了', 1, 0, ''),
(234, 1, 1365227583, 1971855090, '命，难道我就该认命？凭什么？！', 1, 0, ''),
(235, 1, 1365229459, 1905136049, '对我的好，我不一定记得。对我不好，我十倍记住', 1, 0, ''),
(236, 1, 1365229887, 1971855090, '记与不记随你，因为我不要你的感动。', 1, 0, ''),
(237, 1, 1365230413, 1971855090, '不要老是觉得自己很牛逼，不在乎你的人完全懒得鸟你开不开心', 1, 0, ''),
(238, 4, 1365231676, 987203644, '想咬人。', 1, 0, ''),
(239, 1, 1365233653, 1905135999, '每个人都要有自己的生活。该做梦的时候好好享受，该醒的时候就要清醒现实和未来', 1, 0, ''),
(240, 4, 1365235791, 987693097, 'COCO有人爱你！', 1, 0, ''),
(333, 1, 1365368536, 1905136038, '头痛欲裂，剧本真是一件非常难受的事情。', 1, 0, ''),
(241, 4, 1365236294, 999782440, '我新生了！！！', 1, 0, ''),
(242, 1, 1365241330, 3662086133, '死混蛋。。。死混蛋。', 1, 0, ''),
(243, 1, 1365242597, 2002252920, '加油。', 1, 0, ''),
(244, 4, 1365246059, 987203667, '有的人明知道不可能，却还是放不下。', 1, 0, ''),
(332, 1, 1365367996, 1905136038, '希望咱们系越来越多的人找到对象啊。不仅仅是男人，还有那两个半女的啊。加油', 1, 0, ''),
(245, 4, 1365252981, 987203670, '丫头我想你。', 1, 0, ''),
(331, 1, 1365362489, 1905135962, '有室友打呼噜声毁天灭地的吗', 1, 0, ''),
(246, 1, 1365260265, 3662086136, '跪求今天图书馆三楼靠云湖靠窗那块一个女生的信息——黑框眼镜，长长的头发，长得蛮白的，好像穿的白衣服（原谅我平日没怎么和妹子说过话,紧张没看清),牛仔裤帆布鞋,还有一只特别可爱的笔.今天图书馆自习的时候老是不自觉看她,原谅我一生放荡不羁没好意思问电话和妹子名字,现在好后悔!!!', 1, 0, ''),
(247, 4, 1365260478, 1927165191, '我等你，一定。', 1, 0, ''),
(248, 4, 1365260567, 3027183839, '猜到我是谁，请你吃饭。', 1, 0, ''),
(249, 4, 1365260626, 999782440, '好想见你一面～', 1, 0, ''),
(250, 1, 1365260704, 3662086026, '在欢乐时光买过奶茶那个女孩，你们一行三人，你问那个卖奶茶的 他们店里西瓜哪里买的你还记得吗？只从见过你后，经常都会想起你，只是想认识下，做个普通朋友就好', 1, 0, ''),
(251, 1, 1365260901, 3737558823, 'There is nothing to forgive,--面纱。。。X', 1, 0, ''),
(383, 1, 1365428411, 3662086135, '你曾说你想找一个深夜可以说话的人；你曾说这个学期要和我去很多地方旅游，去越南，去整个大江南北；你曾说你要花一辈子读一本书……所有你说的话，我总是在梦里突然记起，醒来时突然懂得，只是，你已不在我身边了。我曾经以为我不要锦衣玉食，不要琼楼玉宇，只要和你相守，即使不说话，即使只是一直走着，人生也是美好的。却到头来，梦里花落又知多少呢。我们还没在一起时，有次我说我看《致我们终将逝去的青春》很难过，你就一直哄我开心；如今，电影要上映了，却终究仍是我一个人难过。', 1, 0, ''),
(252, 4, 1365261050, 987203662, '明天出操吗？', 1, 0, ''),
(253, 4, 1365261058, 999779049, '我心里所想的小姐啊，我是有多么地放不下你，十八到二十，爱你变成了习惯，没有办法的爱。', 1, 0, ''),
(254, 4, 1365261391, 2045578128, '不在乎你心里是否还有她，至少现在我只想要我们的幸福。', 1, 0, ''),
(330, 1, 1365359384, 3736210171, '你跟她分手  痛苦   放不下   然后遇见我   跟我在一起   对她好关心她忘不了她   又给我承诺   又许我未来   你说你对她有责任   好   我放你去她身边   你说不爱她了   你说还喜欢我   你说对不起我    然后最后   伤的最深最痛的还是我', 1, 0, ''),
(255, 4, 1365262569, 2059535328, '一年之内，我等你。', 1, 0, ''),
(256, 1, 1365263130, 3737558872, '也看开了，  与其放下自己所有的事情去讨好满足一个人，是肯定抵不上奋发图强的来得好。是啊，萝卜青菜各有所爱，   你这样对待我，那我只好去那买个表。', 1, 0, ''),
(382, 1, 1365427946, 3662086133, '只是想要，穿一双舒服的鞋，跟你去旅游。', 1, 0, ''),
(257, 4, 1365263210, 3395507242, '树洞是干什么用的？', 1, 0, '');
INSERT INTO `record` (`record_id`, `hollow_id`, `record_time`, `record_ip`, `record_data`, `record_state`, `record_error_code`, `record_error_msg`) VALUES
(258, 1, 1365264855, 1905136025, '真的很喜欢他，但自己懂得只有这样的关系最自然，最长久。我们是不是应该这样下去，直到老去呢？', 1, 0, ''),
(259, 1, 1365264972, 3737559024, '诶，我很想你，隔着一千多米在想你', 1, 0, ''),
(381, 1, 1365427478, 3025526624, '建管的官楠娅，我喜欢你很久了。你会接受我吗？', 1, 0, ''),
(260, 1, 1365265396, 242086697, '最近觉得好孤单好孤单……身边的一个一个圈……都没有包含我这一个点……', 1, 0, ''),
(261, 1, 1365267539, 2073294146, '尽管好久不再说话，但你生病的时候还是没办法不管。如果我爱你是错误，这份惩罚本就该我自己承受。', 1, 0, ''),
(380, 1, 1365427468, 3737558956, '喂喂？喂？..................咳咳！！！...................这个应该能用哈', 1, 0, ''),
(262, 1, 1365267791, 1905136013, '不再和你说话。只是因为我怕哭。', 1, 0, ''),
(263, 1, 1365267890, 1971854914, '真的很讨厌现在的自己，或许就该让一切都结束在最美好的时候', 1, 0, ''),
(379, 4, 1365425645, 987203677, '哈哈哈哈哈哈，，，，，你大爷的，，，， ，爱死你了，，，，，', 1, 0, ''),
(264, 1, 1365267927, 1905136039, '他妈的删完人人删qq，有意思么有意思么？？？', 1, 0, ''),
(265, 1, 1365268924, 2073035949, '我有男朋友了可是我不爱他，但他对我特别好，我有一个喜欢的人但是他有女朋友了，可是他又说他会娶我，我现在的男朋友也说会娶我，我该不该分手。。。', 1, 0, ''),
(378, 1, 1365419712, 1971854930, '大家好，我叫杨幂！', 1, 0, ''),
(266, 1, 1365269288, 3736210166, '我认识一个分不清到底是什么感觉的小姑娘，她有时候让人感觉滥情，有时候又似乎专一的要死。某一瞬我有种想和她在一起的冲动，但是，最后还是选择退避三舍，与其选择最后的伤害不如默默坐在她身边听她的故事。或许，当朋友比当其他什么要好得多，至少，不管她遇到什么事，自己永远处于最公正的位置，不偏不倚，不管别人眼里的她什么样子，至少在我眼里，她是个好姑娘。', 1, 0, ''),
(377, 1, 1365417500, 1897877719, '总是被搭讪诶好烦。。没一个十全十美的', 1, 0, ''),
(267, 1, 1365270260, 1996815580, '富帅富美清明游江山玩湖水，女吊男吊假期泡一教吃歌乐。。。。男吊一枚。。。清明全宅了。。。活该没女子，活该一辈子单身。。', 1, 0, ''),
(376, 1, 1365416479, 1897877719, '我喜欢你', 1, 0, ''),
(268, 1, 1365270523, 1905136000, '其实是我看上了那个状态里的姑娘。不是姚家伟。哈哈哈。', 1, 0, ''),
(269, 1, 1365270541, 2073294153, '迷上北大双胞胎了。。。唉。。。还是先努力学习吧~~', 1, 0, ''),
(270, 1, 1365270973, 1971854920, '看的出来我兄弟真的动心了，希望兄弟姐妹们可以满足他想再见那姑娘一面的愿望。家伟发的那条状态，我们帮忙转发下，成全他吧。今天，我有一个愿望，让这条状态转遍重大。', 1, 0, ''),
(375, 1, 1365415390, 1783786699, '尼玛 这两周线代 大物  高数  大化 期中考  还有工图    苦的一逼！！！！杀了我吧呀呀呀呀呀！！！', 1, 0, ''),
(271, 1, 1365271741, 1971854920, '我兄弟昨天下午三点在七彩超市见到一个心仪妹子！红色毛衣，里面白色底衫，下身牛仔。我兄弟原来就买个面包，但是为了多看你一眼，买了一百的东西！他现在很后悔没有问你要号码！他现在只想再见你一面！求帮忙！求转发！', 1, 0, ''),
(272, 1, 1365271979, 3402238457, '大雄的包子', 1, 0, ''),
(374, 1, 1365414986, 1783786699, '有人今天说他知道是我发的状态  肿么办= =', 1, 0, ''),
(273, 1, 1365272012, 1863291123, '祝愿我的土豆和小学妹可以开心的走下去，终于有人收了我哥们了！我在华北地区关注你们哟！(*¯︶¯*)', 1, 0, ''),
(274, 1, 1365272278, 1905135967, '一直以为树洞是拿来吐槽的，没想到这个洞变成匿名告白的地方了。【没错这就是吐槽', 1, 0, ''),
(275, 1, 1365273035, 3737558930, '也许开始有点点喜欢隔壁专业的那个少年，一如愚人节那天说的好像有点点感兴趣那样。不过我从来没有搞清楚过自己到底在想啥子要爪子，即便只是做朋友一直这样近乎单方面主动也会有累的一天的是吧，知道有些性格使然的。总之我会记得那把伞那天雨那群人。真是的时不时地想要脱单作甚......', 1, 0, ''),
(373, 1, 1365413673, 3737558948, '@赵岳(324905359)  ←此人诚征女友(男友也可),无不良嗜好,最爱的东西是清风纸抽.只要你能满足他的需求,一切都好说.嗯就是这样.', 0, 0, ''),
(276, 1, 1365276065, 3736210162, 'LQK  想不到放不下的理由可是就是没办法一刀两断', 1, 0, ''),
(277, 1, 1365276481, 3736210162, '一开始是等你的短信一直熬着没有睡   现在是一直想着你见不到你不敢见你又怀念很多曾经的画面  然后已经难以入睡', 1, 0, ''),
(278, 1, 1365278351, 2073294187, '喜欢你四年，追你三年，要第三次告白了，一定要成功！cxl', 1, 0, ''),
(279, 1, 1365278904, 3662086026, '看到这个树洞，我想说  从沿海大学传到重大 从微博传到人人  用了将近一年的时间 ', 1, 0, ''),
(372, 1, 1365413626, 3737558948, '@赵岳(324905359)  ←此人诚征女友(男友也可),无不良嗜好,最爱的东西是清风纸抽.只要你能满足他的需求,一切都好说.嗯就是这样.', 0, 0, ''),
(280, 4, 1365291572, 987203651, '早安啊，，，，，混蛋们，，，，，', 1, 0, ''),
(329, 1, 1365358640, 1971854940, '大人，请你朝着自己的方向好好前行，我自作多情地不希望你再想起我。', 1, 0, ''),
(281, 4, 1365292033, 987203696, '很想在南京觅一北京爷们儿结束单身。', 1, 0, ''),
(282, 1, 1365294043, 1905136077, '好多漂亮妹子跟我大工科穷屌无缘，在此感叹一发。。。', 1, 0, ''),
(283, 1, 1365297313, 2102508115, '不可以哇，你想想，你喜欢的那个人到底啥心态啊…', 1, 0, ''),
(284, 4, 1365297706, 987203700, '当你离开的时候，就那么无所谓么？', 1, 0, ''),
(285, 4, 1365298522, 1971856144, '我其实得h7n9了。', 1, 0, ''),
(286, 4, 1365298605, 987203644, '什么叫感觉呢，，，，', 1, 0, ''),
(287, 4, 1365299768, 1971856144, '我得h7n9了，我该肿么办，该去医院吗，哇……', 1, 0, ''),
(328, 1, 1365358235, 2102508231, '睡觉前翻开了日记，看到去年那个第一次面对爱的时候轻易流泪的姑娘，那么容易感动。我一次次放弃，不过是感觉你作戏一般，也看不到我的用心，不懂得珍惜。说再见很难，但是找回自己很重要，你终究只是我的路人。', 1, 0, ''),
(288, 1, 1365301889, 3662086096, '很少有人关心我们文科生，学校亦是如此。', 1, 0, ''),
(371, 1, 1365412375, 3549117462, '外院的李舒学姐，我是那天黄昏咖啡吧被你吸引过来的小学弟，当我看到你的脸我更是无法自拔，因为我喜！欢！看！暴！漫！', 1, 0, ''),
(289, 1, 1365304707, 1905135993, '好想再去动物园看草泥马啊~', 1, 0, ''),
(290, 1, 1365304985, 3662086019, '你好自私，可是我已经爱上你了怎么办。', 1, 0, ''),
(291, 1, 1365305812, 974185648, '从今天起老子要当血霸！老！子！要！考！研！', 1, 0, ''),
(370, 1, 1365406437, 974549366, 'RJ，我的主唱大人，你会看到吗？自从我听了你一首＂死了都要爱＂，我的心像跌入了深深的湖水。', 1, 0, ''),
(292, 1, 1365307350, 3030402496, '困了', 1, 0, ''),
(293, 1, 1365307423, 1905136077, '話說昨天下午兩點多，在法式鐵板相遇的漢子，是你讓我再次有了怦然心動的感覺o>_<o不知道你是不是也有感覺，求聯繫，如果你還記得我的話。我穿的是橘色衛衣加天藍色牛仔褲，鹽煎肉蓋飯。從我們短短的幾秒對視，我不敢確定，太膽小了。', 1, 0, ''),
(369, 1, 1365406335, 1905136035, '好想看北京遇上西雅图  但是我们隔着1000多公里阿  没人陪我去看  好想你 ', 1, 0, ''),
(294, 1, 1365308014, 1035810578, '这个....是啥玩意啊。', 1, 0, ''),
(368, 1, 1365406200, 1905136050, '今天又收了一张卡，唉fk。', 1, 0, ''),
(295, 4, 1365308631, 2006180251, '决定为你玩遍南京！', 1, 0, ''),
(296, 1, 1365308921, 3662086037, 'sad', 1, 0, ''),
(367, 1, 1365405895, 1905136035, '好无聊~', 1, 0, ''),
(297, 4, 1365309381, 1971856157, '真的真的很讨厌你…为什么还要和你在一起', 1, 0, ''),
(298, 1, 1365310131, 453554689, '敢干敢遇到一个正常点的姑凉', 1, 0, ''),
(366, 1, 1365405892, 3549117462, '吴春萌，我恨死你了！！！！！！\n', 1, 0, ''),
(299, 4, 1365310275, 987203702, '我也讨厌你', 1, 0, ''),
(327, 1, 1365356388, 2073474943, '我想去青岛，在她生日的时候，这样人生也许就少一个遗憾', 1, 0, ''),
(300, 6, 1365310655, 3737558028, '一路平安。--匿名发布自http://hollow.sinaapp.com/?sid=09DFDA5DFFA0D1111A8C613B311692A3', 1, 0, ''),
(301, 1, 1365310920, 3411089065, '树洞里有什么', 1, 0, ''),
(365, 1, 1365405876, 1905135967, '天气好，好想出去谈恋爱！', 1, 0, ''),
(302, 1, 1365311204, 3659101538, '吃多了有点~~', 1, 0, ''),
(303, 4, 1365311294, 999776213, 'iamqihuanye', 1, 0, ''),
(304, 7, 1365314559, 3737558028, '假期就这样结束了？哎… --匿名发布自http://hollow.sinaapp.com/?sid=AB15A6BA0F0DF6BA638687D399552CF9', 1, 0, ''),
(305, 4, 1365314881, 987693096, '寻找陈冠南帅哥，要联系方式。', 1, 0, ''),
(326, 1, 1365355029, 1905136005, '车彦文，以前的事都不是事，别忘了有人在一直默默关心着你，我眼里的车彦文是最欢乐的。', 1, 0, ''),
(306, 4, 1365315163, 987693099, '好好学习，天天向上', 1, 0, ''),
(307, 1, 1365315472, 3662086088, '翟一鸣哥哥是个坏人QAQ', 1, 0, ''),
(364, 1, 1365405695, 3662086044, '邱麒元，，，练琴要开节拍器，，，不然不要你上床', 1, 0, ''),
(308, 4, 1365316362, 987203665, '困了…', 1, 0, ''),
(325, 1, 1365354939, 1905136033, '要是有人回复我今天就通宵学习。。。你信么。', 1, 0, ''),
(309, 4, 1365316678, 1971856137, '我后悔了，为什么总是抓不住机会', 1, 0, ''),
(324, 6, 1365354625, 3736210167, '好困啊，努力不去想…', 1, 0, ''),
(310, 4, 1365316942, 1971856145, '在电影院一个人哭的时候，在图书馆一个人哭的时候，你都在哪呢？其实第一次落下眼泪就已经知道，我们不可能了，结束了，再也没有以后了吧。', 1, 0, ''),
(311, 7, 1365316970, 3737558028, '我能想到最浪漫的事,就是和你一起吃汉堡炸鸡烤肉火锅蟹块章鱼小丸子烤土豆手撕鸡肉夹馍蜜糖莲藕炒面蛋炒饭炸年糕煎鱿鱼干锅饭酸辣粉牛肉米线孜然羊排糍粑双皮奶拿铁紫薯蛋挞小蛋糕豆浆米酒小笼包奶黄包鸡柳薯片鲜虾片铁板鱿鱼清蒸大闸蟹海苔鱼趣臭豆腐烤面筋麻圆凉皮热干面豆皮披萨油条爆米花', 1, 0, ''),
(312, 1, 1365317946, 3737558801, 'Fuck U asshole! 我老是犯贱', 1, 0, ''),
(313, 4, 1365318398, 987203634, '其实现在觉得南农挺好的，至少遇见你是一件多么不容易的事。暗恋，是一场注定孤独的旅行。', 1, 0, ''),
(314, 1, 1365318502, 3662086133, '一直觉得爸爸记不得我的生日，上个星期五的时候和爸爸说星期天的时候就是我生日，爸爸却说不是下个星期天么，当时我很不开心，因为基本上每年的生日的时候爸爸什么都没有说。昨天晚上翻了一下日历，其实下个星期天是我旧历生日，爸爸他一直都记得。', 1, 0, ''),
(315, 9, 1365318663, 3737558028, '我能想到最浪漫的事,就是和你一起吃汉堡炸鸡烤肉火锅蟹块章鱼小丸子烤土豆手撕鸡肉夹馍蜜糖莲藕炒面蛋炒饭炸年糕煎鱿鱼干锅饭酸辣粉牛肉米线孜然羊排糍粑双皮奶拿铁紫薯蛋挞小蛋糕豆浆米酒小笼包奶黄包鸡柳薯片鲜虾片铁板鱿鱼清蒸大闸蟹海苔鱼趣臭豆腐烤面筋麻圆凉皮热干面豆皮披萨油条爆米花', 1, 0, ''),
(316, 1, 1365318715, 3737558801, '树洞真是个好地方，肯定没人知道我是谁吧~哈哈哈(´ε｀ ) 我分手了，我不想难过，但还是难过。我觉得我确实变了好多，好多话说不出，正好有个树洞，其实你根本就没那么爱我吧，也许你早就烦了吧。也许那天在明信片店里面看到的那张明信片正是对我的启示吧。我接受，我不要多想~', 1, 0, ''),
(317, 1, 1365320574, 3737558801, '唉，越来越难过，即使我告诉自己，我自己也挺好的，但是。。。唉，谁让我那么爱你呢？', 1, 0, ''),
(318, 4, 1365321136, 2059534793, '有人能给我解释一下，一个男生对一个女生说，我觉得你很有意思。。。这是神马意思？', 1, 0, ''),
(319, 4, 1365321785, 987203665, '麻痹的，屌树洞敢更无聊一点嘛', 1, 0, ''),
(450, 1, 1365502789, 3662086136, '外院有一个眼睛小小的 长的有点黑的胖胖的男生好可爱 是管乐连的 好像叫张越强 求认识', 1, 0, ''),
(451, 1, 1365502880, 3736210167, '其实我一直很喜欢吉他协会那个娘炮', 1, 0, ''),
(452, 1, 1365503001, 3719440639, '吉协的社长一看都是好人，不知道有没有女朋友，反正我喜欢他很久了，眼看我要毕业了，一定要把这个说出来', 1, 0, ''),
(453, 1, 1365503005, 1033463557, 'k！我真的很羡慕你，很嫉妒你！', 1, 0, ''),
(454, 1, 1365503048, 2102509397, '自动化的李岚臻屌爆了啊', 1, 0, ''),
(455, 1, 1365503096, 3737559021, '挺喜欢外语学院一个男生的，眼睛小小的，眯成一条缝，胖胖又带点天然黑，看起来就很憨厚的那种。 好像姓张吧， 嗯', 1, 0, ''),
(456, 1, 1365503106, 3662086128, '哇！真的有树洞！！！！', 1, 0, ''),
(457, 1, 1365504133, 3737558851, '我就是试试这树洞有没有回声', 1, 0, ''),
(458, 1, 1365504856, 3402239021, '爱上那个夏天讲金刚经的学长\n', 1, 0, ''),
(459, 1, 1365505065, 2102507924, '杨红霞是豪仔的你们不懂吗？星星妹算啥？', 1, 0, ''),
(460, 1, 1365505175, 3737558851, '内什么，我也想加入吉协的互黑大赛怎么办？', 1, 0, ''),
(461, 1, 1365505560, 3402238457, '吉协SB', 1, 0, ''),
(462, 1, 1365506920, 3662086100, '11级机电的王汉什么的同学，你好像陈坤啊，可是我把你的名字忘了。。', 1, 0, ''),
(463, 1, 1365507079, 3737558971, '求遇鞋子干净男，名字好听男。王姑娘顶起。。', 1, 0, ''),
(464, 1, 1365507392, 3737558971, '刘女汉子，祝你逆袭社长成功', 1, 0, ''),
(465, 1, 1365507751, 1874259616, '陆强 你别跟刘子页在一起了吧，虽然我知道他，又高又帅又富～可是我比他更爱你 我能给你生孩子 他能么？!!!', 1, 0, ''),
(466, 1, 1365507850, 3736210168, '树洞都没啥有意思的事情全是表白，表个白也要匿名，到底是想让人看到还是不想？', 1, 0, ''),
(467, 1, 1365508335, 2073294173, '心有琳兮…', 1, 0, ''),
(468, 1, 1365508861, 2002008722, '大学遗憾的事情之一是没有勇气去学轮滑。。。', 1, 0, ''),
(469, 1, 1365508863, 3549117462, '你是我天边最美的红霞〜〜〜', 1, 0, ''),
(470, 1, 1365509084, 2073294177, '想说些神马里？不知道，只是试一试而已', 1, 0, ''),
(471, 1, 1365509429, 2073294177, '卷裤男，名字好听男，在哪里？在哪里？求观看！回有人回复嘛？有待考究', 1, 0, ''),
(472, 1, 1365509892, 3662086077, '红霞是谁。。。。', 1, 0, ''),
(473, 1, 1365510264, 977509661, '邱麒元，，我有一样东西绝不会让你摸', 1, 0, ''),
(474, 1, 1365510398, 1864695843, '。。', 1, 0, ''),
(475, 1, 1365510468, 3737558785, '我看看怎么发的、、、', 1, 0, ''),
(476, 1, 1365510491, 1893733827, '我们寝室有个傻逼！', 1, 0, ''),
(477, 1, 1365510511, 3737558906, '我爱方老师~', 1, 0, ''),
(478, 1, 1365510679, 2073294207, '本寝优质汉子高大富帅TC，寻优质妹子一枚', 1, 0, ''),
(479, 9, 1365511460, 3402238460, 'http://www.zhaiyiming.com/sample/web/rrxss.php（千万不要打开）…人人就是各种漏洞的集合体Orz...你一定以为你不会转发这条状态…', 1, 0, ''),
(480, 1, 1365512153, 1940411578, '看着女神整天被你们调侃我心里很不是滋味，还得压着自己保持正常朋友的距离，我知道你不缺我一个，我不想伤害你，不想给你压力，所以只能把所有的感情都憋在心里。我会在我的位置上做好我能做的事，看到你快乐、努力是我最大的幸福，真心的。', 1, 0, ''),
(481, 1, 1365512881, 1971854928, '动次哒次 动次哒次 everybody hurry up 。。', 1, 0, ''),
(482, 1, 1365513684, 3737558930, '你以为我这么晚出来干嘛==图样图森破。。。', 1, 0, ''),
(483, 1, 1365514567, 3662086118, '啊啊 ，红霞其实我也喜欢你啊！好羞射', 1, 0, ''),
(484, 1, 1365514658, 3737558933, '为爱正名。朴茨动词哒哒哒\n', 1, 0, ''),
(485, 1, 1365517190, 2102507962, '好吧~ 其实我是个男的', 1, 0, ''),
(486, 1, 1365517597, 3737558921, '吉协盲人影院乐队的鼓手程文豪同学，我注意你好久了，你平时好萌，一打起鼓像一只小野兽，力量十足啊，你又何必单恋贝斯女神一只花呢？', 1, 0, ''),
(487, 1, 1365518255, 3662086091, '城环学院的宋永为学长好摇滚呀，如果能告诉我他的QQ，我就能跟宋学长每天神交了。', 1, 0, ''),
(488, 1, 1365518412, 3662086065, '我是陆强····你是谁？', 1, 0, ''),
(489, 1, 1365518505, 3737558921, '每天最多撸几次对身体无害啊？夏天到了，思想上总容易犯罪，不过思想上犯罪总是好过实际的犯罪吧。。。。拜托各位女生上课不要穿黑丝短裙什么的。。。忍不住犯罪啊，，，，上个课每七秒就他妈犯一次罪，憋死爹了。。', 1, 0, ''),
(490, 1, 1365518530, 3402238457, '谁发的？', 1, 0, ''),
(491, 1, 1365518636, 708709016, '不要说话', 1, 0, ''),
(492, 1, 1365519055, 3736210171, '红你大姨妈', 1, 0, ''),
(493, 1, 1365519137, 2102508161, '为什么你一开始就要把我当弟弟，走得很近却不是真的。年龄的差距真的有那么重要吗。', 1, 0, ''),
(494, 1, 1365519371, 3402239021, '为什么不试着再尝试一下？', 1, 0, ''),
(495, 1, 1365519376, 3662086089, '卜琼,you are the apple of my eye.', 1, 0, ''),
(496, 1, 1365519994, 3736210160, '邀请一个不是很熟悉的女生去看电影，她会答应吗\n', 1, 0, ''),
(497, 1, 1365520382, 3662086070, '梅二X06 现有萌妹子一只 上得厅堂 下得厨房 翻得了围墙 打得了流氓 喜欢许嵩 喜欢龙猫 喜欢男男 成名曲两只老虎谈恋爱 优质学姐 快来领走吧亲 包邮哦~~', 1, 0, ''),
(498, 1, 1365521236, 3662086054, '昨晚梦见强吻了斜对门的你。感觉你也是弯的，只是不敢开口问你，就算问了你，我们会在一起么？你不玩人人，每天都特地去看你微博。sigh！男神啊么么哒~', 1, 0, ''),
(499, 1, 1365521666, 3736210167, 'fg ghb dg d g', 0, 0, ''),
(500, 6, 1365521754, 3402379216, '某曾说要找女朋友了', 0, 0, ''),
(501, 6, 1365521775, 3402379216, '某曾说要找女朋友了....', 1, 0, ''),
(502, 6, 1365521963, 3402379210, '曾小贤想找女朋友', 1, 0, ''),
(503, 6, 1365522287, 3402379210, '树洞有点小猥琐呵', 1, 0, ''),
(504, 6, 1365522862, 3402379208, '纯男胡某(名字带k)欲征女友一枚！', 1, 0, ''),
(505, 1, 1365523673, 3402238456, '这树洞里有没有老鼠啊、、', 1, 0, ''),
(506, 1, 1365523914, 1905136061, '此树洞已被重庆大学吉他协会占领', 1, 0, ''),
(507, 1, 1365524238, 3402238458, '这是干什么的？', 1, 0, ''),
(508, 4, 1365524688, 1971856128, '王博士晚安。', 1, 0, ''),
(509, 1, 1365524925, 1905136025, 'dq好想有一天可以牵着你的手走在虎溪这美丽的校园里。', 1, 0, ''),
(510, 1, 1365525197, 3698573391, '感觉又要到一年一黑的时候了，我叫陈豪，我为自己代言\n', 1, 0, ''),
(511, 1, 1365525254, 1905136029, '有什么秘密可以放在树洞里。。。', 1, 0, ''),
(512, 1, 1365525343, 1905136025, '祝吉协社长王守一生孤独~', 1, 0, ''),
(513, 1, 1365525890, 1971854913, '我就特想知道星期三晚上音乐与心理调适选修课上那个弹过钢琴的妹子是谁！！！求转发！！！', 1, 0, ''),
(514, 1, 1365526038, 2002884506, '吐点苦水。。有些人在街上一直盯着我看的或者用各种傻逼一样的偷看方式好像我看不到一样看我，真心烦，特别想翻白眼骂傻逼二字 。尼玛没见过长成我这样的呀！擦，有什么好看的！无语一群傻逼！！！', 1, 0, ''),
(515, 1, 1365526068, 987203698, '我勒个去', 1, 0, ''),
(516, 1, 1365526167, 2102508628, '亲爱的，晚安', 1, 0, ''),
(517, 1, 1365526420, 1971854913, '多遥远，多纠结，多想念，多无法描写，疼痛和疯癫，你都看不见——晚安，重大人', 1, 0, ''),
(518, 1, 1365526615, 2073294201, '难过只在今晚。TOMORROW WILL BE BEATUIFUL', 1, 0, ''),
(519, 1, 1365526672, 2073474941, '尼玛又在床上耍手机耍到这个时候！真想给自己两耳屎！', 1, 0, ''),
(520, 1, 1365526806, 1971854930, '有没有打剑网三的基友^_^求渣上！', 1, 0, ''),
(521, 1, 1365526924, 3025508634, '忍一时得寸进尺，退一步变本加厉。', 1, 0, ''),
(522, 4, 1365526931, 1884476024, '你说有什么放不下的，其实只是爱你而已。', 1, 0, ''),
(523, 1, 1365526974, 3549117462, '我们的关系似乎已经畸形了呢', 1, 0, ''),
(524, 1, 1365527023, 2002884506, '大一下学期上英语课，去年夏天，快结课的时候，在老师办公室做小组汇报。出来的时候看见一个很舒服的男生。。也许是穿卡其色裤子〜其它班来作汇报的〜记到现在有木有。求认识。美女张虹老师的课。', 1, 0, ''),
(525, 1, 1365527132, 3736210169, '3333', 1, 0, ''),
(526, 1, 1365527323, 3402238459, '王汉青！你到底爱不爱我。', 1, 0, ''),
(527, 1, 1365527427, 2071868088, '不抱怨，不牢骚，默默做自己，不再把你放在第一位了。我也累了。', 1, 0, ''),
(528, 1, 1365527541, 2073036298, '刘金升我喜欢你！！就算你有女朋友了，我也喜欢你！', 1, 0, ''),
(529, 1, 1365527586, 2059534605, '就是不喜欢某些人的性格。不赤壁还可以做朋友。', 1, 0, ''),
(530, 1, 1365527673, 3549117462, '我怎么那么喜欢看你。看都看不够。情不知所起，一往而深。最舍不得的是关掉和你的视频，最激动的是收到你的信息，最幸福的时光就是和你在一起。我爱你。暑假见！^_^', 1, 0, ''),
(531, 1, 1365527738, 3025508634, '如果重大A区的网速能够像重大考试的挂科率那么高，或者后者像前者那么低，二者居其一，我想重大会变得好很多。', 1, 0, ''),
(532, 1, 1365528025, 2059534605, '我是吊丝。', 1, 0, ''),
(533, 1, 1365528169, 2071868088, '求不要那么多事儿好么！！严重缺眠啊！！！', 1, 0, ''),
(534, 1, 1365528721, 2102508950, '我现在很想知道重庆大学有多少基！！！！！！！！！！！！！！！！！！！！！！！？？？？？？？？？？？？？？？？？？？？？？？\n', 1, 0, ''),
(535, 1, 1365529113, 2102508950, '孩子们 树洞是要戳自http://rrurl.cn/aMUE0B  的  不要留言了 关键是还有季芹', 1, 0, ''),
(536, 1, 1365529400, 1971854922, '城环学院的小柯景腾温睿同学。我喜欢你好久了。可是你太帅了。我觉得自己始终配不上你。所以我还是保持着单恋吧。', 1, 0, ''),
(537, 1, 1365529539, 1905136064, '于琳妮是时候找个男朋友了', 1, 0, ''),
(538, 1, 1365530346, 2026165143, '一群混蛋，天天抢我的零食，呜呜呜呜，我真的要怒了凸^-^凸~~o(>_<)o ~~', 1, 0, ''),
(539, 1, 1365530944, 3402238462, '桢梓，我真的很想你！', 1, 0, ''),
(540, 1, 1365530983, 1905136076, '亲爱的洋，晚安', 1, 0, ''),
(541, 1, 1365531618, 3736210170, '树洞啊树洞 我喜欢的人 是短发脸大大@zly', 0, 0, ''),
(542, 1, 1365531634, 3736210170, '树洞啊树洞 我喜欢的人 是短发脸大大@zly', 1, 0, ''),
(543, 1, 1365531957, 2073268406, '喜欢一个德语系的女孩。。尽管伤过心也受过委屈。可每天每天还是想念。。也许这辈子都不会再见面，再说话了。但一份心情永远记得住', 1, 0, ''),
(544, 1, 1365532464, 2356341198, '我爱你！！！！！！', 1, 0, ''),
(545, 1, 1365532869, 2356341198, '菲菲  我们相识第五年了   你还是留在重大  我却已经远离重庆了     现在还好吗？    还是会想起你', 1, 0, ''),
(546, 1, 1365549978, 1971854927, '树洞你好～', 1, 0, ''),
(547, 1, 1365550775, 2510917273, '重大的学弟学妹们，你们要努力争取来美国读书的机会！我所在的学校重大的据我所知算上我才两个人！多来几个人壮大壮大我们重大的队伍呀！', 1, 0, ''),
(548, 4, 1365551329, 987203687, '偌大一个树洞，我只认识我徒弟，徒弟，晚安', 1, 0, ''),
(549, 4, 1365552776, 987203691, '很想好好在一起。闹分手什么的很累。', 1, 0, ''),
(550, 1, 1365554588, 1905136089, '付帅！高富帅！你有女朋友我也不管！我就是要追你！学妹会放倒你那学姐的！你等着！', 1, 0, ''),
(551, 1, 1365554628, 2059534730, '其实亨利喜欢的是大使', 1, 0, ''),
(552, 1, 1365555127, 1816525435, '金正恩你要是不射我就跟你分手', 1, 0, ''),
(553, 1, 1365555186, 1905136049, 'I will not .let you go ', 1, 0, ''),
(554, 1, 1365555903, 2073293879, '树洞，你知道的太多了！', 1, 0, ''),
(555, 1, 1365556993, 1971854939, '重大到底有多少老师上课无与伦比的水，还建设一流大学！！！', 1, 0, ''),
(556, 1, 1365558157, 1905136079, '我想你了、可我不能对你说、就像开满梨花的树、永远不可能结出苹果！我想你了、可我不能对你说、就像高挂在天边的彩虹、永远无人能触摸！我想你了、可我不能对你说、就像火车的轨道、永远不会有轮船驶过！我想你了、可我真的不能说、我怕、怕说了对你是一种折磨！', 1, 0, ''),
(557, 1, 1365561293, 3736210170, '其实我一直在犹豫，到底是不是该去追喜欢的女生。表示很难追到，而且自己课程和项目都很忙，没有时间，而且以后工作了之后还不在一块，要有7个小时的车程，哎，想想就头疼。', 1, 0, ''),
(558, 1, 1365562901, 3737558878, '吃到好吃的就开心，没吃到好吃的就不开心，超纯粹的~', 1, 0, ''),
(559, 1, 1365566190, 1971854930, '剑网三电六鹰击妖秀求毒哥情缘（≧∇≦）', 1, 0, ''),
(560, 1, 1365566760, 3662086100, '材料学院的冯旭东，自从上次相遇之后，我感觉我好喜欢你啊，可惜我是个妹纸。。。。。。。', 1, 0, ''),
(561, 1, 1365567652, 1905136062, '早上问了斜对门寝室的一个人，知道了我的男神应该是直的。真是喜闻乐见！碰直男的不得好死！直男是高压线碰不起！脑残粉，无药医！', 1, 0, ''),
(562, 4, 1365567876, 987072838, '呸！', 1, 0, ''),
(563, 1, 1365568128, 1905135963, '是所有秘密都会公开吗？@树洞', 1, 0, ''),
(564, 1, 1365568557, 3662086064, '君子坦蛋蛋，小人藏鸡鸡', 1, 0, ''),
(565, 1, 1365568622, 3662086100, '喜欢上室友了，弄得每天心神不宁，本想眼不见心不烦，可是住一起抬头不见低头见，见到了又不能跟他说我爱你，怎么办啊，想解脱，可惜室友不玩人人', 1, 0, ''),
(566, 1, 1365568671, 3737558964, '校园广播的那个人是傻逼吗 艹他丫的 能不能不要再放星空了！！！傻逼 懂什么！！！', 1, 0, ''),
(567, 1, 1365569072, 3662086057, '我的秘密你永远不会知道', 1, 0, ''),
(568, 1, 1365569243, 3737558828, '要走的，我留不住，就这样吧', 1, 0, ''),
(569, 1, 1365569345, 3402238460, '材料学院的冯旭东，你这个大饼脸成天P成瓜子脸', 1, 0, ''),
(570, 1, 1365569984, 3737558868, '这个树洞好像很厉害的样子', 1, 0, ''),
(571, 1, 1365570079, 3737558790, '姐妹们，现在主要在黑谁？', 1, 0, ''),
(572, 1, 1365570589, 3402238458, '袁雯婷……自从见到你的第一面起，我的心就像跌进深深的湖水……夏天到了，你就让我跟湖水里面多凉快一会儿吧……', 1, 0, ''),
(573, 4, 1365570789, 987000069, '噗', 1, 0, ''),
(574, 1, 1365570931, 2073294180, '喵〜', 1, 0, ''),
(575, 1, 1365571221, 2102507527, '矮油树洞~老唐喜欢上咱班sa姐还把矛头引向俺，这可肿么办~', 1, 0, ''),
(576, 1, 1365572109, 3737558801, '现在知道了，不只是爱一个人这么简单。', 1, 0, ''),
(577, 1, 1365572178, 1905136030, '这是不是黑人神器哦', 1, 0, ''),
(578, 1, 1365573693, 30063377, '……', 1, 0, ''),
(579, 1, 1365574098, 1971854940, '刘迎 在我眼里你已经是我的了 我不会再跟你说那五个字了', 1, 0, ''),
(580, 1, 1365574549, 2053123437, '这几天我非常气愤，从来没有遇到这样的人，有什么话可以当面说，背地说人坏话算什么！！到现在还没有认识自己的错误，我觉得真的很可卑。不要等到所有人都讨厌你时才发现，到那时想改就来不及了。要想在社会上混，首先先学做人。', 1, 0, ''),
(581, 1, 1365574741, 1971854928, '车彦文车队，我好喜欢你啊，可是我现在没有勇气说出口，车队，我喜欢你！！！我希望有一天我能当面对你说！！！', 1, 0, ''),
(582, 1, 1365575126, 1971854918, '前面那个喜欢车彦文的是妹子还是汉子?我可以帮你转告他~~', 1, 0, ''),
(583, 1, 1365575556, 1971854928, '我是妹子，我喜欢车彦文。我想我要是汉子的话，也会喜欢他的。', 1, 0, ''),
(584, 1, 1365575611, 3085188738, '这个秘密在我心中隐藏了很久，我为此感到压力很大，我借这个机会在这说一下：我在吉协的一个朋友是个外星人', 1, 0, ''),
(585, 1, 1365575614, 2102507550, '自动化学院的李岚臻，LOL别在打人机了。打了几辈子人机了！', 1, 0, ''),
(586, 1, 1365575873, 1971854928, '王守一，舒哥喊你回火星吃饭去。（来个人圈下他让他知道）', 1, 0, ''),
(587, 1, 1365576664, 2102507550, '庾畅我喜欢你，弹琴的时候太帅了。你知道我在等你分手吗？', 1, 0, ''),
(588, 1, 1365577495, 1905136078, '肖艺强征婚啊～英俊潇洒风流倜傥玉树临风羞花闭月', 1, 0, ''),
(589, 1, 1365577690, 3736210165, '爱上一匹野马 可我的家里没有草原', 1, 0, ''),
(590, 1, 1365577935, 1905136061, '请大家不要匿名表白了，有爱大声说出来，不要憋着，小心得痔疮•﹏•', 1, 0, ''),
(591, 1, 1365578451, 3736210162, '哈哈一伙人翘课穷游贵州去。。', 1, 0, ''),
(592, 1, 1365578789, 3662086088, '其实我真的好讨厌一个人，总是想和我争，不知道你那优越感到底在哪，总爱多管闲事，插手我的事，烦都烦死了，别人对我好我会知道，但是如果你对我不好，那么，不好意思，不要怪我无情，是你不要脸在先，什么都不能怪我，其实我真的很累，心累，不想每天勾心斗角的，可是没办法，你不努力就只能落后，而我最不喜欢的是就是落后，所以我必须非常努力才能看起来毫不费力', 1, 0, ''),
(593, 1, 1365578797, 1965242735, '宋永为！快到碗里来，快到我这里来！我暗恋你很久了！！！', 1, 0, ''),
(594, 1, 1365578859, 3737558899, '舒哥舒哥，帮我在淘宝买张回火星的预售票吧！', 1, 0, ''),
(595, 1, 1365579323, 1905136060, '舒哥火星好玩么', 1, 0, ''),
(596, 1, 1365579586, 3402238462, '车彦文说你们这些管乐队的孩子们！！！不要一天想着和队长耍朋友！！好好备战才是王道！！！', 1, 0, ''),
(597, 1, 1365579662, 3752200759, '喵喵喵喵喵喵喵~~~', 1, 0, ''),
(598, 1, 1365579757, 1971854928, '车队车队，我想跟你耍朋友！！！', 1, 0, ''),
(599, 1, 1365580192, 3662086017, '张越强，我是管乐团的。我喜欢你，不知道你能不能看见。', 1, 0, ''),
(600, 1, 1365580463, 3662086041, '手机牌子都不一样，还怎么在一起……', 1, 0, ''),
(601, 1, 1365580507, 1971851653, '这个靠谱吧？！', 1, 0, ''),
(602, 1, 1365581195, 1905136032, '一直喜欢外院一妹子叫胡琳（貌似她也关注主页君了），可惜人家对我没感觉…T^T，追妹子这种事非我所长，肿么办肿么办…', 0, 0, ''),
(603, 1, 1365581503, 1905136032, '一直喜欢外院一妹子叫胡琳（貌似她也关注主页君了），可惜人家对我没感觉…T^T，追妹子这种事非我所长，肿么办肿么办…', 1, 0, ''),
(604, 1, 1365581691, 3548965281, '平哥，待我减肥成功时，记得给我介绍妹子哦', 1, 0, ''),
(605, 1, 1365581775, 3736265147, '刘金升，我喜欢你！就算你有女朋友了我还喜欢你！！我就喜欢你！！！！', 1, 0, ''),
(606, 1, 1365581796, 3752200759, '我喜欢高颖。', 1, 0, ''),
(607, 1, 1365582219, 3737558868, '我们虎溪最帅的直男是哪个？\n@毛笛', 1, 0, ''),
(608, 1, 1365582809, 2002252921, '@邓棚亓 我等你分手', 0, 0, ''),
(609, 1, 1365583132, 2002252921, '@邓棚亓 我等你分手 再来找你和好', 0, 0, ''),
(610, 1, 1365583307, 2002252921, '@邓棚亓 我等你分手 再来找你和好', 0, 0, ''),
(611, 1, 1365583374, 2002252921, '@邓棚亓 我等你分手 再来找你和好', 0, 0, ''),
(612, 1, 1365583395, 2002252921, '@邓棚亓 我等你分手 再来找你和好', 0, 0, ''),
(613, 1, 1365583587, 1905136017, '虽然他远在另一个城市，彼此很少联系，但是只要一个电话，甚至只是在qq上有一句没一句的聊着，一整天的心情都会变好，这或许就是牵绊吧', 1, 0, ''),
(614, 1, 1365583668, 241948481, '快点来关注重庆公共主页：http://page.renren.com/600014952，微博@人人爱重庆：http://weibo.com/512013023', 1, 0, ''),
(615, 1, 1365583678, 2002252921, '@邓棚亓 我等你分手 再来找你和好', 0, 0, ''),
(616, 1, 1365583694, 2002252921, '@邓棚亓 我等你分手 再来找你和好', 0, 0, ''),
(617, 1, 1365583784, 1783814350, '刘金升学长你要相信学妹比学姐好！！我不管，我就要追你！', 1, 0, ''),
(618, 1, 1365583997, 241704134, '快被你们这帮子互相黑的人 把老子的洞都捅烂了呀 受不了了 别拿老子互相黑了 洞洞好痛呀', 1, 0, ''),
(619, 1, 1365584305, 2073294147, '那个叫朱雪峰的男子，有着世界上最英俊的侧脸。我知道你对我没感觉，可是：我爱你，是我的事，与你无关。', 1, 0, ''),
(620, 1, 1365584417, 3662086030, ' 我喜欢邓琼', 1, 0, ''),
(621, 1, 1365584779, 1783814350, '尚景林！我喜欢你！我是电气学院的妹子！！！我见你第一面就喜欢上了你！！！跟我在一起好不好！！', 0, 0, ''),
(622, 1, 1365585119, 1905136014, '乔瑞啊  我好喜欢你的  可惜你现在一直都不来上课  我想看你都看不到  你能多来上课么  虽然我知道你不喜欢妹子  但是我希望我们能认识一下好嘛', 1, 0, ''),
(623, 1, 1365586881, 3025511565, '我选择的是我不想走的那条路，因为我想走的那条路上，有我想要而又得不到的人', 1, 0, ''),
(624, 1, 1365587626, 1697531083, '王一帆是个哈麻批啊咦啊咦啊哟，狗日的哈麻批，天天自以为是', 1, 0, ''),
(625, 1, 1365587764, 2026165143, '工程荷载和可靠度设计千万不要安排第九周周五周六周日考试啊！～ 就周四下午吧 大家都好是不？', 1, 0, ''),
(626, 1, 1365587943, 1697531083, '那个王一凡就是电气那个西装革履的死胖子？我也觉得他多讨厌的', 1, 0, ''),
(627, 4, 1365588144, 987203644, '嘿，没有秘密怎么办？', 1, 0, ''),
(628, 1, 1365588179, 1909305428, '卢谅就是一个二逼老师。。。', 1, 0, ''),
(629, 1, 1365588203, 2102507539, '我只希望你每天能多开心一点，每天都阳光一天。那才是我喜欢的你\n', 1, 0, ''),
(630, 1, 1365588495, 1697531083, '对头，就是他，天天装逼，而且修个电脑还tmd把电脑搞的装不回去，技术水平也令人着急，你tmd不装能死啊？王一帆', 1, 0, ''),
(631, 1, 1365588510, 3737558933, '树洞被各种占据了 = = 无力吐槽', 1, 0, ''),
(632, 1, 1365588594, 3662086059, '··巴拉巴拉··树洞是小黄鸡吗？', 1, 0, ''),
(633, 1, 1365588688, 3737558866, '思密达', 1, 0, ''),
(634, 1, 1365588738, 3662086098, '我大计院才子写的树洞哎，你们就没人向作者求婚？', 1, 0, ''),
(635, 1, 1365588913, 1697532557, '你确定不是软件的写的？！………', 1, 0, ''),
(636, 1, 1365589038, 3736210161, '不喜欢带毕业设计的老头', 1, 0, ''),
(637, 1, 1365589627, 2073294099, '邓棚亓 我等你分手和我好 地老天荒', 1, 0, ''),
(638, 1, 1365589687, 3737558933, '突然想好好静一静，喧哗过后，我却发现我更加隐匿住自己本来就不想说的任何事情。岁月静好，有波澜，却也受锁住了。不需回忆。', 1, 0, ''),
(639, 1, 1365589954, 2102507539, '段正敏你布置的作业少一点能死啊！！！！！！！！！！！！！', 1, 0, ''),
(640, 1, 1365590437, 3662086085, '我是汤包，我想和汤圆一起去看分手合约', 1, 0, ''),
(641, 1, 1365590669, 3549117459, '重大树洞，霸气', 1, 0, ''),
(642, 1, 1365591201, 3736210160, '读研是一个大坑，奉劝大家不要跳进来了！！', 1, 0, ''),
(643, 1, 1365591731, 3548965281, '彭莉你好二，树洞能不能帮我传送到当事人', 1, 0, ''),
(644, 1, 1365591916, 1905135980, 'ww看的到嘛，我喜欢你♥', 1, 0, ''),
(645, 1, 1365592137, 1905136089, '王汉青，我喜歡你很久了，有木有T_T還看不出來麼！！愛上一個直男的錯', 1, 0, ''),
(646, 1, 1365595089, 2053123924, '庾畅你妈卖皮在树洞里自己说喜欢自己，要不要脸，还害我误会别个', 0, 0, ''),
(647, 1, 1365595524, 2073294168, '喵喵喵喵喵！', 1, 0, ''),
(648, 1, 1365596449, 708709003, '上学期高数课就注意到你了..虽然你连看都没看我一眼...今天高数课我差点就鼓起勇气走过来告诉你...土木学院罗祺月...我真的好喜欢你!!', 1, 0, ''),
(649, 1, 1365596743, 2059535153, '我不会告诉你我喜欢经管的王劭越大帅哥已经很久了，求介绍！！', 1, 0, ''),
(650, 1, 1365597932, 3737558894, '各种表白', 1, 0, ''),
(651, 1, 1365598755, 2073294144, '李雪源我爱你', 1, 0, ''),
(652, 1, 1365599166, 3736210170, '我爱上了我的室友，爱她爱得无法自拔，尤其是她美丽的大下巴，谭筱，你接受我吧！！！', 1, 0, ''),
(653, 1, 1365599327, 1905136017, '今晚被红霞女神发卡，好伤心。不过卡里有好多钱，好开心~', 1, 0, ''),
(654, 1, 1365600056, 2073294171, '汪汪汪汪。。。', 1, 0, ''),
(655, 1, 1365600494, 2102508501, '红霞女神咬人啊啊啊啊啊啊啊啊啊啊啊啊啊啊，巴主席不哭！', 1, 0, ''),
(656, 1, 1365600661, 1905136036, '主教下面这哪个人才把车开到花坛里面去了。Orz. //', 1, 0, ''),
(657, 1, 1365600692, 2102508456, '我就是想告一哈这个是撒子。', 1, 0, ''),
(658, 1, 1365600987, 2073294147, '付修远你裤子拉链没拉…', 1, 0, ''),
(659, 1, 1365601432, 3737558949, '各种表白~~各种黑~~', 1, 0, ''),
(660, 1, 1365601768, 1783710240, '刘浩屿我喜欢你~~~', 1, 0, ''),
(661, 1, 1365602315, 3074700978, '只能是重庆的大学的？', 0, 0, ''),
(662, 1, 1365602327, 3074700978, '只能是重庆的大学的？', 1, 0, ''),
(663, 1, 1365602624, 3737558790, '梨花，还要有多久不理我，安全感快燃尽了', 1, 0, ''),
(664, 1, 1365602807, 3736210160, '红霞女神我喜欢你啊，请和我一起生孩子吧', 1, 0, ''),
(665, 1, 1365603605, 3402238462, '曾经看到一个人的说说这样写：其实我也没有那么重要，少了我你依然过得很好，我只能站在这么远的位置说些不痛不痒的问候，打个不会太长的电话，尽管日思夜想，但我渐渐学会理智分割，冷静对待。看到你过得好，我觉得难受，失败...但也有些高兴，稍稍松了口气。因为只有把你放在更适合的位置，我才有办法在自己选的路上走得更远。我相信这是很多人心里想说的话。', 0, 0, ''),
(666, 1, 1365603631, 3402238462, '曾经看到一个人的说说这样写：其实我也没有那么重要，少了我你依然过得很好，我只能站在这么远的位置说些不痛不痒的问候，打个不会太长的电话，尽管日思夜想，但我渐渐学会理智分割，冷静对待。看到你过得好，我觉得难受，失败...但也有些高兴，稍稍松了口气。因为只有把你放在更适合的位置，我才有办法在自己选的路上走得更远。我相信这是很多人心里想说的话。', 0, 0, ''),
(667, 1, 1365603657, 3402238462, '曾经看到一个人的说说这样写：其实我也没有那么重要，少了我你依然过得很好，我只能站在这么远的位置说些不痛不痒的问候，打个不会太长的电话，尽管日思夜想，但我渐渐学会理智分割，冷静对待。看到你过得好，我觉得难受，失败...但也有些高兴，稍稍松了口气。因为只有把你放在更适合的位置，我才有办法在自己选的路上走得更远。我相信这是很多人心里想说的话。', 0, 0, ''),
(668, 4, 1365603732, 3720486511, '真想骂人，混蛋，擦！！他NND凭什么这样，不顺！', 1, 0, ''),
(669, 4, 1365603785, 3027183723, '不开心。', 1, 0, ''),
(670, 1, 1365604320, 3737558901, '今天下午跨文化交际上第二个做英语speech的女生好可爱（除了名字比较男性化，但不影响整体形象），还放了录的几个场景视频，我好像认识视频里面的土木的李俊锋，屌完了。整个讲speech的过程好萌，特别是害羞的样子，声音也很好听。悄悄地，她还不认识我。', 1, 0, ''),
(671, 1, 1365604722, 3736210165, '好友过1000了～马克一下～//', 1, 0, ''),
(672, 1, 1365605216, 3662086128, '?', 1, 0, ''),
(673, 1, 1365605603, 3662086077, '好想家，各种想家，想回家。。。。。。。。。。。。。。。。。。。。。。。。。。。。。。。。。。。。。。。。。。。。。。。。。。。。。。。。。。。。。。。。。。。。。。。。。。。。。。。。。。。。。。。。。。。。。。。。。。。。。。。。。。。。。。。。。。。。。。。。。。。。。。。。。。。。。。。。。。。。。。。。。。。。。。。。。。。。。。。。。。。。。。。。。。。。。。。。。。。。。。。。。。。。。。。。。好想吃肉。。。。。。。。。。。。。。。。。。。。。。。。。。。。。。。。。。。。。。。。。。。。。。好饿。。。。。。。。。。。。。。。', 1, 0, ''),
(674, 4, 1365606072, 3662086027, '想你。', 1, 0, ''),
(675, 1, 1365606309, 3737559021, '今天手机掉到屎里面去了！草！', 1, 0, ''),
(676, 1, 1365606847, 3402238456, '某面纸，很傻很天真，很二很可爱…………………………………………………………………………………………………………………………………………………………………………………………………………………………………………………………………………………………………………………………………………………………………………', 1, 0, ''),
(677, 1, 1365607677, 3737558895, '希望有人喜欢我', 1, 0, ''),
(678, 1, 1365607708, 2102864273, '我也喜欢经管的王劭越大帅哥很久了，求介绍！！', 1, 0, ''),
(679, 1, 1365607907, 2073294171, 'wqnmlgb5555....', 1, 0, ''),
(680, 1, 1365608831, 2073294116, '牟明远该找个女朋友了', 1, 0, ''),
(681, 4, 1365608901, 2059535141, '害怕想到你。', 1, 0, ''),
(682, 1, 1365608989, 3402238460, '有没有人知道工程结构荷载与可靠度设计原理重点？？？？？', 1, 0, ''),
(683, 1, 1365608999, 1905136050, '感觉你就像炽热的恒星，让人无法接近也不敢直视。君临天下的王者气度，所以才能轻易在茫茫人群中一下子就看到你的存在吧。从第一眼就开始了对你的小心而默默的崇拜，从此甘愿默守角落目光追随你不离。物理学院的MY学长，要一直快乐哦。', 1, 0, ''),
(684, 4, 1365609126, 987203683, '真的讨厌别人没什么事的时候也不回我短信，那么好的，要么我就默认你死了，要么你在我心里的位置已经降了很多了。恭喜你。', 1, 0, ''),
(685, 1, 1365609146, 3549117462, ' 还记去年的今天4s给偷了，去年这时候排方阵发烧大病一场，再两个月就20岁了，再三个月不知不觉为你做无谓的坚持已经一年了。不想浪费时间去做你的什么知己，只想成为你身边的那个替你挡风遮雨，抗住一切的人。可惜这段最艰难的岁月你从未问起过。以后，我们真的会有以后么。', 1, 0, ''),
(686, 4, 1365609349, 987203654, '我真的不会再第二次主动说出来…我承受不起自己给自己的压力', 1, 0, ''),
(687, 4, 1365609709, 987203683, '祝我生日快乐。二十岁喽。老了老了。T^T。晚安。南京。', 1, 0, ''),
(688, 4, 1365609826, 1971856154, '王康旭还好么？', 1, 0, ''),
(689, 1, 1365611530, 1971854942, '你为什么酒', 1, 0, ''),
(690, 1, 1365611678, 2102507665, '笨蛋，我爱你', 1, 0, ''),
(691, 1, 1365611714, 2102507579, '胡不归', 1, 0, ''),
(692, 1, 1365611853, 2102487873, '重庆大学虎溪校区主页上拿了个尼康拍花的妹子，求认识呀', 1, 0, ''),
(693, 1, 1365612116, 1905135962, '王伯禹学长，你该找个女朋友了啊啊啊啊', 1, 0, ''),
(694, 1, 1365612258, 3402238461, '这个很灵么？', 1, 0, ''),
(695, 4, 1365612270, 1971856154, '不知道还能坚持多久...感觉等不下去了...果然天生就是被男人玩玩的命么....\n\n', 1, 0, ''),
(696, 1, 1365612287, 3085192594, '不太想活下去', 1, 0, ''),
(697, 1, 1365612545, 2102508501, '自从有人给红霞女神表白后树洞好友一下增加了几百个！都是吉协的功劳！开发者请吃饭啊！', 1, 0, ''),
(698, 1, 1365612602, 3736210173, '我是商科生！！！经管收的是理科生！！！不要说我是文科！！！你妹的你们这群禽兽工科男，再黑我，跟你们绝交！！！绝交！！！', 1, 0, ''),
(699, 1, 1365612702, 2073294182, '哼老师，我把孩子拿掉了，不用为我担心，你要好好的就好。', 1, 0, ''),
(700, 1, 1365612753, 1971854942, '你为什么就不肯在我身上赌一把呢？哦，我懂了，我不配，连让你下注的资格都没有！', 1, 0, ''),
(701, 1, 1365612754, 2073293842, '我走了，不会再等你了，对不起', 1, 0, ''),
(702, 1, 1365612919, 1905135982, '白天看到别人关注了树洞，进主页看了下，觉得还挺好玩的，于是…我关注了他…晚上再进人人，却发现被树洞刷屏了…我想我还是算了吧…你很好，只是不适合我…而已！', 1, 0, ''),
(703, 1, 1365612986, 1905136052, '如果周四不断网就好啦', 1, 0, ''),
(704, 1, 1365613144, 1971854921, '半夜发现你在刷屏，嘻嘻，一起刷吧。', 1, 0, ''),
(705, 1, 1365613453, 1905136038, '馬乂辰，你好可愛啊。你QQ多少啊，私聊唄。﹌○﹋2333333', 1, 0, ''),
(706, 1, 1365613466, 3688722212, '我爱你们，我爱大家，我是相机君', 1, 0, ''),
(707, 1, 1365613631, 3549117462, 'say I love you when you are not listening. ', 1, 0, ''),
(708, 1, 1365613668, 1971854915, '功科女。。。。真是伤不起。。。长得再漂亮也没用= =', 1, 0, ''),
(709, 1, 1365613718, 2090916215, '不开心！没有人喜欢我！', 1, 0, ''),
(710, 1, 1365613857, 1905136074, 'Wish you were here、！', 1, 0, ''),
(711, 1, 1365614113, 2073036771, '我爱你爱的好卑微，低到尘埃里开出花来。我多么明白你不爱我甚至厌恶我喝多了给你打电话，因为我只有在喝多的时候才有勇气给你打电话。我好爱好爱好爱你，爱了你多久了？从前年开始吧，两年了。你，要好好的。', 1, 0, ''),
(712, 1, 1365614576, 2090913914, '每天都睡这么晚只是为了等你问一句＂睡了吗＂。然后就可以陪你聊天了。', 1, 0, ''),
(713, 1, 1365615077, 3549117462, '累成翔的一天，我讨厌下雨，因为一下雨，心情就变得压抑，但我是魔术师，所以，我应该是快乐的源泉(⌒-⌒; )', 0, 0, ''),
(714, 1, 1365615348, 1905136024, '东方姑娘永远在渣冲心里，阿岑永远在我心里，虽然你有了小翟。好吧，就这样吧。', 1, 0, ''),
(715, 1, 1365615414, 2090916068, '我用三个小时等你问我睡了吗。你却不愿用半个小时等我回答没睡。每一天都是如此。', 1, 0, ''),
(716, 1, 1365615418, 1332558638, 'Hey。。。我不是重庆大学的。。可我喜欢的人在重庆大学〜', 0, 0, ''),
(717, 1, 1365615502, 1971854927, '呸!看树洞看的太他妈矫情了!!', 1, 0, ''),
(718, 1, 1365615598, 708709016, '那天说的竟然被发现了，这回肯定不会被发现了吧。I love you Bunny. W8ing 4 U', 1, 0, ''),
(719, 1, 1365615966, 2073293871, '凑！老子就是不爽！当我不存在么？', 1, 0, ''),
(720, 1, 1365616015, 3688722212, '我想找一个女朋友 好久好久的', 1, 0, ''),
(721, 1, 1365616317, 1905135999, '树洞啊树洞，实现我的愿望吧', 1, 0, ''),
(722, 1, 1365617037, 1971854926, '多么希望和以前一样，多么希望永远不说出口，多么希望不分手，那么多的多么，却只能说一句祝福，说一声对不起，对不起', 1, 0, ''),
(723, 1, 1365617825, 3688722212, '为什么大家都在这个时候分手，所有人都想如果有如果，但结果往往是我们在这里写我们心里的秘密', 1, 0, '');
INSERT INTO `record` (`record_id`, `hollow_id`, `record_time`, `record_ip`, `record_data`, `record_state`, `record_error_code`, `record_error_msg`) VALUES
(724, 1, 1365617956, 1971819437, '好喜欢艾薇儿avril,终于出新歌了!学校里有没有像avril一样漂亮的妹子呀，好喜欢', 1, 0, ''),
(725, 1, 1365618794, 1971854935, '那天我问你，你还能在我身边多久。你说，你也不知道。亲爱的，我好想时间过得慢一点。我就可以爱你久一点。', 1, 0, ''),
(726, 1, 1365618820, 1332558638, '哈哈，我喜欢这里。', 1, 0, ''),
(727, 1, 1365619667, 3736210165, '我只希望你第一部主演的作品得到更多的认可和掌声。我们没有以后没有未来，那就静静的看着你。', 1, 0, ''),
(728, 1, 1365621972, 708709003, '等一会儿要去上母娘娘的课。。。。', 1, 0, ''),
(729, 1, 1365622866, 999776216, '明天不会下雨吧，运动会还搞个p啊。小龟小黄是哈皮，他们应该看不到吧。我猜没有比我睡的晚的了，知道为什么吗？蛤蛤！！', 0, 0, ''),
(730, 1, 1365627304, 2073294171, '终于。。。画完了。。。如果我。。有蛋。。。早就。。碎了。。！', 1, 0, ''),
(731, 1, 1365637048, 2073294182, '我想结婚了。。', 1, 0, ''),
(732, 1, 1365637145, 3231183678, '满脑子想得都是男盆友根本无心学术好嘛。。。周末快点到呀(害羞)', 1, 0, ''),
(733, 1, 1365638755, 1971854920, '专一是病，得治', 1, 0, ''),
(734, 1, 1365639529, 1971854920, '专一是病，得治！', 1, 0, ''),
(735, 4, 1365640397, 987203629, '不知道以后做噩梦了，还能打给谁，再见了，My lover，从此一个人坚强。', 1, 0, ''),
(736, 1, 1365641292, 2073294113, '于琳妮你就忍心抛弃我吗！！！', 1, 0, ''),
(737, 1, 1365641404, 1905136081, 'hellow world       //是否真匿名', 1, 0, ''),
(738, 1, 1365641874, 1033171831, 'lalalu。。。，', 0, 0, ''),
(739, 1, 1365642343, 1905136050, '我是建管的小胖，求带走啊～', 1, 0, ''),
(740, 1, 1365642437, 1905135992, '坏人坏人大坏人！最讨厌别人和我聊天回复嗯，哦，随便你。我生气了你就不能不生我的气了然后主动来找我啊，哼哼哼，我是不会低头的！', 1, 0, ''),
(741, 1, 1365643614, 2073294128, '给联通的傻逼信号跪了。大家有同感没。', 1, 0, ''),
(742, 1, 1365645546, 2379563911, '？', 1, 0, ''),
(743, 1, 1365645710, 3549117459, '是选择爱我的呢？还是选择我爱的呢？', 1, 0, ''),
(744, 1, 1365646526, 2002884516, '朴美美同学不要去当女兵啊。我可不想两年之后看到一个不认识的人', 1, 0, ''),
(745, 1, 1365647241, 1971854925, '恋爱周年纪念，该怎么计划呢〜', 1, 0, ''),
(746, 1, 1365647786, 1905135949, '乔妹，你该找个女朋友了~', 1, 0, ''),
(747, 1, 1365649120, 1905136031, '→_→女的都想当我闺密都不想当我女朋友怎么破！！！', 1, 0, ''),
(748, 1, 1365649309, 1905136079, '做实验好无聊 啊啊啊啊啊  下辈子投胎不学生物', 1, 0, ''),
(749, 1, 1365649341, 1971854935, '好想取一个日本名，求大家帮助，我会随时关注这条状态的哟〜', 1, 0, ''),
(750, 1, 1365649778, 1971854925, '异地恋等你等的真滴好辛苦', 0, 0, ''),
(751, 1, 1365649790, 1971854925, '异地恋等你等的真滴好辛苦', 0, 0, ''),
(752, 1, 1365649916, 1971854935, '好想取一个日本名，求大家帮助，我会随时关注这条状态的哟〜', 1, 0, ''),
(753, 1, 1365650075, 1971854925, '异地恋等你等的真滴好辛苦', 0, 0, ''),
(754, 1, 1365650155, 1971854925, '异地恋等你等的真滴好辛苦', 0, 0, ''),
(755, 1, 1365650174, 1971854925, '异地恋等你等的真滴好辛苦', 1, 0, ''),
(756, 1, 1365650962, 2059534725, '王凡说她是重大校花', 1, 0, ''),
(757, 1, 1365651115, 1905135972, '茅笛无耻男！', 1, 0, ''),
(758, 1, 1365651506, 2073294170, '有没有Acuer?一起追潮啊', 1, 0, ''),
(759, 1, 1365651815, 3662086073, '我爱皮绒', 1, 0, ''),
(760, 1, 1365652561, 2026165143, '羊嘻嘻，光喜欢你，你喜欢光吗？银佳等的心都碎了，你的眼睛就像一汪湖水，自从第一次见到你，我就发现我就堕落于你的回眸中，我试图想摆脱，却发现自己已越陷越深，我好喜欢这样的颓废，好爱你。。。。。', 1, 0, ''),
(761, 1, 1365652977, 1816525435, '队友，你们玩的好欢乐！', 1, 0, ''),
(762, 1, 1365653345, 831317754, '啊啊。。。。啊啊。。啊。啊。。啊啊啊啊啊啊~~~~', 1, 0, ''),
(763, 1, 1365653882, 3662086056, '有喜欢篮球、球鞋的同学吗，找不到组织啊', 1, 0, ''),
(764, 1, 1365654641, 3737558964, '我草呢妈的 草 广播台能不能别放 星空 了 艹艹艹艹艹艹艹艹艹艹艹艹艹艹艹艹艹艹艹艹艹艹艹艹艹艹艹艹艹艹艹艹艹艹艹艹艹艹艹艹艹艹艹艹艹艹艹艹艹艹艹艹艹艹艹艹艹艹艹艹艹艹艹艹艹艹艹艹艹艹艹艹艹艹艹艹艹艹艹艹艹艹艹艹艹艹艹艹艹艹艹艹艹艹艹艹艹艹艹艹艹艹艹艹艹艹艹艹艹艹艹艹艹艹艹艹艹艹艹艹艹艹艹艹艹艹艹艹艹艹艹艹艹艹艹艹艹艹艹艹艹艹艹艹艹艹艹艹艹艹艹艹艹艹艹艹艹艹艹艹艹艹', 1, 0, ''),
(765, 1, 1365654713, 3662086130, '周宜喆是白痴', 1, 0, ''),
(766, 1, 1365655018, 3737558933, '我是一名优质的基友~~~快来吧 反正是树洞 = =', 1, 0, ''),
(767, 1, 1365655837, 2102508937, '杨星星，我好喜欢你。我希望你每天都开开心心。每天都很阳光，每天脸上都挂着微笑，即使眼泪能美容，也不要哭。因为你已经没必要美容了。我喜欢阳光开朗乐观的你。就让我这样默默得陪着你吧', 1, 0, ''),
(768, 6, 1365656064, 3402379214, '......', 1, 0, ''),
(769, 1, 1365656630, 2102509278, '颓废的大学生活啊。。。。\n', 1, 0, ''),
(770, 1, 1365656706, 3662086133, '还是好想你，本来自己想的是这几天不和你说话，但是都会忍不住想找你，一旦说起来自己就会没完没了。写给你的东西我都不知道该怎么样继续写下去，，，，，，，', 1, 0, ''),
(771, 1, 1365656933, 1905136048, '树洞总是在晚上刷屏', 1, 0, ''),
(772, 1, 1365657115, 3737558959, '。。。。======', 1, 0, ''),
(773, 4, 1365657376, 2059535157, '我知道我们回不去曾经的友谊。现在这样虽然遗憾，但已经很好了。你的笑容依然带给我晴天。', 1, 0, ''),
(774, 1, 1365657463, 3662086098, '树洞的另一头是不是一个正在窃喜的人呢？', 1, 0, ''),
(775, 1, 1365657584, 2102507558, 'PLZ search重庆大学跆拳道社，全新改版，全新体验，速度与激情的体验，尽在跆拳道社。我们是别样的白衣天使，我们温柔又善良，join us for challenging yourself and building up your confidence, no worry at all, cause you worth it.', 1, 0, ''),
(776, 4, 1365658041, 2059534659, '如果事情像想象中一样顺其自然 我们应该是特好的朋友 因为已经交心却如现在的无力感 这四年 真是太遗憾了', 1, 0, ''),
(777, 1, 1365658092, 2002252921, '一个痛苦的结束，或许是另一个痛苦的开始。', 1, 0, ''),
(778, 1, 1365658824, 3662086059, '事实和想象差得好远啊···救命···', 1, 0, ''),
(779, 6, 1365659003, 2073474669, '求五一放五天假！', 1, 0, ''),
(780, 1, 1365659604, 3662086116, '远去的愚人节：听着你喜欢的歌，慢慢感受着你喜欢别人的感伤。我和你有千山万水需要跨越。你在那眺望着远方，我只是默默地望着你，不多说一句话。我不说是怕给你带来负担。这不是愚人节的礼物，而是愚我自乐。\n', 1, 0, ''),
(781, 1, 1365660347, 2073294128, '喵〜', 1, 0, ''),
(782, 1, 1365660402, 3662086116, '舞鞋　穿了洞　裂了缝　预备迎接一个梦\nOK绷 遮住痛　要把苍白都填充\n勇气惶恐　我要用哪一种\n面对他　一百零一分笑容\n等待　的时空　有点重　重得时针走不动\n无影踪　他始终　不曾降临生命中\n我好想懂　谁放我手心里捧\n幸福啊　依然长长的人龙\n想踮起脚尖找寻爱\n远远的存在\n我来不及　说声嗨\n影子就从人海晕开\n才踮起脚尖的期待\n只怕被亏待\n我够不着还　微笑忍耐\n等你回过头来\n', 1, 0, ''),
(783, 1, 1365660458, 3402238456, '一杯酒，预祝重庆大学今天10：0胜利！！！', 1, 0, ''),
(784, 1, 1365660718, 3662086116, '我很想爱他，但是眼睛在说谎，隐瞒比较容易吧!免得感情变得复杂,但是理智在吵架,退出可以解围吗?谁能给我一个好的回答。爱情是模糊的,可怜的是没有勇气选择,如果再舍不得,这样下去我们每个人,都是受害者', 1, 0, ''),
(785, 1, 1365660961, 3662086064, '其实我觊觎建管学院大一某男很久了……好吧说了等于没说，不敢爆名字= =', 1, 0, ''),
(786, 1, 1365660996, 1905136039, '于琳妮我是真的喜欢你！', 1, 0, ''),
(787, 1, 1365661114, 1905136053, '经管辅导员赵宇，我爱你很久老，爱死你老！！！', 1, 0, ''),
(788, 1, 1365661168, 975890070, '/', 1, 0, ''),
(789, 1, 1365661211, 3662086053, '试试匿名不= =', 1, 0, ''),
(790, 1, 1365661349, 3737558945, 'e', 1, 0, ''),
(791, 1, 1365661583, 3662086125, '哼 哼 哼 哼 哼 哼    无聊就哼哼', 1, 0, ''),
(792, 1, 1365661895, 2073294206, '贾荣照，人家好喜欢你啊。可是看你老是和钟睿早归晚出的，卿卿我我的，人家就是想不明白，你的品味怎么就是这么奇怪？！虽然你肯定不会知道我是谁，但我还是会默默的关注你的~', 1, 0, ''),
(793, 4, 1365663227, 1971856157, '你都变成了我的一种习惯，要抽离真的没有那么容易。', 1, 0, ''),
(794, 1, 1365663575, 3737558885, '　！！！！！！！！！！　为什么篮球赛开幕式会有热舞跟拉丁舞', 1, 0, ''),
(795, 1, 1365664369, 3662086114, '匿名吗？', 1, 0, ''),
(796, 1, 1365666180, 3737559015, '大家要期待4月21日的魔术晚会吖', 1, 0, ''),
(797, 1, 1365667420, 3549117459, '没看到足球赛，郁闷', 1, 0, ''),
(798, 1, 1365668164, 3662086035, '原来树洞这样用~创意不错。', 1, 0, ''),
(799, 1, 1365668276, 1905136053, '王汉青，我好喜欢你工图课上削得漂亮的铅笔，我好喜欢你给人开会时一板一眼的表情，我好喜欢你一个人骑着脚踏车寂寥的背影！！王汉青！！', 1, 0, ''),
(800, 1, 1365669126, 3662086072, '现在我的秘密是。。。天啦，我的秘密越来越少了！', 1, 0, ''),
(801, 1, 1365670021, 2073293848, '树洞。。。是啥', 1, 0, ''),
(802, 1, 1365670212, 2086322269, '.....', 1, 0, ''),
(803, 4, 1365672565, 987072843, '我寂寞所以我幸福', 1, 0, ''),
(804, 1, 1365672619, 3737558848, '我想回家啊啊啊啊。。。', 1, 0, ''),
(805, 4, 1365672662, 1971856133, '有个讨厌的男朋友很痛苦。', 1, 0, ''),
(806, 4, 1365673139, 3722598346, '为什么有的人明明没有太多的资格却总是张扬甚至高傲？', 1, 0, ''),
(807, 4, 1365673637, 3027105665, '忙的日子感觉都没个头儿。', 1, 0, ''),
(808, 1, 1365673878, 1905136038, '想了十几分钟。。才发现不知道该把什么埋在树洞里才好。。好像都是秘密。。好像说出来又都没关系。。唉。。始终我只是一个普通人。。在自己的圈子里过自己的生活。。简单快乐。。已经很好了。。', 1, 0, ''),
(809, 1, 1365673983, 1912304681, '李雪阳！！我就是喜欢你 肿么样！不土不木的土木汉子~~帅气的兵哥哥~', 1, 0, ''),
(810, 1, 1365674501, 2002884516, '喜欢小学妹在游乐场的样子', 1, 0, ''),
(811, 4, 1365675230, 3026412397, '不用抉择，我会自动变朋友', 1, 0, ''),
(812, 1, 1365675397, 3662086018, '超级讨厌那个人呐，讨厌得脑袋都痛了！就是好讨厌呐！气死我了气死我了！', 1, 0, ''),
(813, 1, 1365675534, 3662086064, '谁能告诉我英才会里的那个龙小熊是不是GAY啊？好白嫩的样子，而且居然没有女朋友', 1, 0, ''),
(814, 4, 1365675633, 987203640, '舍与不舍，好难抉择，好想找人聊聊天，说说话阿，好想', 1, 0, ''),
(815, 1, 1365675886, 3662086127, '真心觉得很幸福，竟然可以这么接近。这样就很满足了~~愿你一直幸福,快乐~就算过了很多年之后想起今天，我肯定还会记得我激动得一直发抖的手~还会记得我无法言喻的快乐~', 1, 0, ''),
(816, 1, 1365676214, 3662086059, '我买了好多草莓··请你吃···', 1, 0, ''),
(817, 6, 1365677963, 1033171494, '韩啸是威武霸气的羽毛球王子！！', 1, 0, ''),
(818, 6, 1365679141, 1033171739, '今天天气好棒，可没有能够一起出去玩耍的人好丧心。', 1, 0, ''),
(819, 6, 1365679471, 1033172092, '啊？', 1, 0, ''),
(820, 1, 1365679590, 2073294109, '不懂珍惜 不配拥有', 1, 0, ''),
(821, 1, 1365680153, 1905136076, '         我要说点什么呢。', 0, 0, ''),
(822, 1, 1365680164, 1905136076, '         我要说点什么呢。', 1, 0, ''),
(823, 1, 1365681044, 1905136076, '好吧，大四那个什么学院的学姐喔。你懂的', 1, 0, ''),
(824, 1, 1365681501, 1905136057, '这是把秘密装进树洞吗？那万一要是有人掏洞肿么办…？！', 1, 0, ''),
(825, 1, 1365685113, 3662086032, '我只想试试到底能不能匿名~~~~', 1, 0, ''),
(826, 1, 1365685728, 3662086100, '帮室友找对象，男，身高一米八体重67kg，绝对大帅哥，我们的室草，有点大男子主义，有点天然呆，喜欢运动打篮球，不玩游戏不抽烟，绝世好男人，喜欢体贴温柔的，身材要好，长相过得去就好，主要看相处的感觉，最好是一栋寝室的（梅七），这样有个照应……有看上的请留个联系方式，好心的室友也可以帮他@一下。\n ', 1, 0, ''),
(827, 1, 1365686301, 3662086100, '希望茅笛是gay的请回复！！！', 1, 0, ''),
(828, 1, 1365688633, 2002213067, '有没有今天晚上上柏拉图美诺偏选修的同学~有没有点名呀~~求助~求助~', 1, 0, ''),
(829, 1, 1365689601, 3737559021, '最可悲的是自己在乎别人，别人不在乎你。最可笑的是自己不在别人，还要别人在乎你。', 1, 0, ''),
(830, 6, 1365689972, 1893733551, '有没有人知道那个萌萌的小胖纸韩啸啊。。据说羽毛球打的超级好！！好想认识一下啊。！！！', 1, 0, ''),
(831, 1, 1365690018, 3662086133, '我这不是在想方设法的和你说话么。。但是你。。。似乎都，不怎么。。领情。。我真的不知道该怎么办。。。。。晚安', 1, 0, ''),
(832, 6, 1365690333, 2093948746, '听说有个叫韩啸的，好帅，好阳光，好想认识啊。。。谁认识，告诉我啊。', 1, 0, ''),
(833, 1, 1365691509, 3402238456, '总觉得现在的人生一片混乱喃，，，，啊啊啊啊！！！烦人～不想去想那么多了！！！烦心的事明天再说！！！！！', 1, 0, ''),
(834, 1, 1365691832, 3402238458, '有没有今天晚上上柏拉图美诺偏选修的同学~有没有点名呀~~求助~求助~今天翘课了，忐忑中', 1, 0, ''),
(835, 1, 1365692407, 1905136031, '偶然听到孟哲玮说他这几天心情不好，他自言自语到可能是他总有那么几次的大姨妈或者是大姨父要来了，，，', 1, 0, ''),
(836, 1, 1365692700, 2073294180, '主页君你是谁', 1, 0, ''),
(837, 1, 1365694169, 3662086106, '那个谁，我真的不知道又想知道你在想什么。', 1, 0, ''),
(838, 1, 1365694170, 3737558956, '明天上不上稞啊？？？忽然才发现我明天要交的作业还没写，完全忘记了，我说今天怎么感觉好像忘记了什么重要的事情', 1, 0, ''),
(839, 6, 1365694298, 1971847199, '五一五天假啊！！！', 1, 0, ''),
(840, 1, 1365696124, 2102509042, 'xx 你为什么不在线 不接电话 不要说你睡觉了 老子 = = 想 你 了 很想   \n', 0, 0, ''),
(841, 1, 1365696137, 2102509042, 'xx 你为什么不在线 不接电话 不要说你睡觉了 老子 = = 想 你 了 很想   \n', 1, 0, ''),
(842, 1, 1365696264, 2102487575, '杨星星。。我不想你。。好吧,骗人是小狗。。汪……汪……', 1, 0, ''),
(843, 1, 1365696351, 2102509450, '我托！我托！有的黑么？', 1, 0, ''),
(844, 1, 1365696872, 1971854938, '试试。。。', 1, 0, ''),
(845, 1, 1365696915, 1905136050, '有爱篮球，球鞋的同学吗，求组织收留啊', 1, 0, ''),
(846, 1, 1365696940, 2073035271, 'bc，我爱你', 1, 0, ''),
(847, 1, 1365696974, 2102509042, '晚安 我做错了 还请原谅 今天不能陪你过一天  还有 我不会离开你的 也不会勾三搭四', 1, 0, ''),
(848, 1, 1365696989, 1971854934, '你跟我说你喜欢文静一点的女生，这个吧，第一条就把我给排除了。。。。', 1, 0, ''),
(849, 1, 1365696998, 3736210160, '又听到了你的声音，让我心中泛起漪涟', 1, 0, ''),
(850, 1, 1365697121, 2073294184, '爱你让我渐渐失去了勇气。', 1, 0, ''),
(851, 1, 1365697203, 1971854938, '我前男友的现女友就是个典型的绿茶婊！！小三不得好死！！', 1, 0, ''),
(852, 1, 1365697215, 241847332, '你是如此的难以忘记、浮浮沉沉的在我心里π_π', 1, 0, ''),
(853, 1, 1365697349, 2002250086, '自从来了重大！惊觉自己很高啊！有木有！找男朋友越发困难啊！有木有！这是诱导我等加入蕾丝的大军么！！！', 1, 0, ''),
(854, 1, 1365697546, 1905136063, '每天都在忙忙碌碌却庸庸碌碌o(╯□╰)o不用心做事情真的只是在浪费时间。谁又知道自己到底想要什么喜欢什么兴趣是什么呢？想转建筑，又怕徒劳无功，更怕自己即便转成了却发现不是自己想要的。烦躁。', 1, 0, ''),
(855, 1, 1365697612, 3548965278, '嗯哼，试试。', 1, 0, ''),
(856, 1, 1365697687, 1905136065, '第一次牵手的异性现在就是点头之交，第一次拥抱的异性现在是熟悉的陌生人，第一次亲的人现在远在千里之外，第一次吻的人现在有了自己的另一半。我不是好女孩，从来不是。可是，好女孩难道就不配被爱了吗，我只是想要被爱着而已。这过分吗？为什么总是得不到呢？', 1, 0, ''),
(857, 1, 1365697752, 2073474946, '哟哟～', 1, 0, ''),
(858, 1, 1365697856, 1905136040, '那个叫牛牛的妹子，我中意你！！！', 0, 0, ''),
(859, 1, 1365697876, 1905136040, '那个叫牛牛的妹子，我中意你！！！', 1, 0, ''),
(860, 1, 1365697942, 3736210170, '我也凑热闹。。。', 1, 0, ''),
(861, 1, 1365698025, 3698576325, '车路士那个57号蓬蓬头后腰阿克，他么的95年的！！！！', 1, 0, ''),
(862, 1, 1365698050, 3548965278, '我真的猜累了也纠结累了——喜欢也好、只是想做朋友也罢，能不能请你明明白白告诉我？', 1, 0, ''),
(863, 1, 1365698395, 1905136050, '看妹子都是从鞋开始的是什么心态', 1, 0, ''),
(864, 1, 1365698396, 2073294117, '不能和你牵手真的很痛苦，那一天能快点来么？', 1, 0, ''),
(865, 1, 1365698508, 3549117462, '不强求你把以前的东西删掉，不强求。。。', 1, 0, ''),
(866, 1, 1365698710, 2102488767, '我等溺水黨 浮尸一下 ………………………… ', 1, 0, ''),
(867, 1, 1365698723, 1971854926, '我是傻逼。我们都是傻逼', 1, 0, ''),
(868, 1, 1365699377, 2102509268, '喜欢你四年……追你三年，你我的关系总是比朋友更亲近，却离情人差一些，故事的结局到底会是什么', 1, 0, ''),
(869, 1, 1365699423, 1971854925, '还有人没睡觉么，我不是自问自答哈〜', 1, 0, ''),
(870, 1, 1365699522, 1905136039, '睡前告白 yx我曾喜欢你>3<', 1, 0, ''),
(871, 1, 1365699697, 2073294146, '凑热闹，呼啦啦', 1, 0, ''),
(872, 1, 1365699746, 1905136009, '该走的我不会留你，既然你要选择如此，我不会说什么。只是告诉你，这次我会彻底放下，以前不管我对你的感情到底是什么，至少有一点是真的，那就是我在乎你的感受，但这次我不想再在乎了。当初犹豫后最终还是选择不和你在一个学校，就代表我没有勇气走下去，今天我主动找你，你的回复却很迟，很简短，你说你现在有事。好吧，我承认，我心里有那么点失落。所以我要选择彻底放下了，希望你一切安好，你也放下吧，真心祝福你能快乐。原谅接下来的时间我将不再理你，我会把你限制在我的生活范围外面。有些人有些事错过了就让它过去吧，让我们都放下吧', 1, 0, ''),
(873, 1, 1365699750, 3025512360, '重庆大学树洞遭破解，发布者id已可查询！', 1, 0, ''),
(874, 1, 1365699818, 1971854927, '明天就是开幕式了，这样可能永远都没有和你说话的机会了~多希望方阵一直练下去。。。', 1, 0, ''),
(875, 1, 1365699843, 1971854925, '呜呜呜。。寝室里就我一个人，不敢再晚睡了。。', 1, 0, ''),
(876, 1, 1365700166, 1905136009, '该走的我不会留你，既然你要选择如此，我不会说什么。只是告诉你，这次我会彻底放下，以前不管我对你的感情到底是什么，至少有一点是真的，那就是我在乎你的感受，但这次我不想再在乎了。当初犹豫后最终还是选择不和你在一个学校，就代表我没有勇气走下去，今天我主动找你，你的回复却很迟，很简短，你说你现在有事。好吧，我承认，我心里有那么点失落。所以我要选择彻底放下了，希望你一切安好，你也放下吧，真心祝福你能快乐。原谅接下来的时间我将不再理你，我会把你限制在我的生活范围外面。有些人有些事错过了就让它过去吧，让我们都放下吧', 1, 0, ''),
(877, 1, 1365700289, 1971854927, '如果时间回到两年前的今天   我一定不会谈恋爱   不会向你表白   不会对你那么好  如果早知道带来的是如此长久的伤痛  何必要在一起    女之耽兮  不可脱也   期待下一次爱情来的时候   你会是对的人', 1, 0, ''),
(878, 1, 1365700712, 1905135981, '有个感觉，写出名字的大多数是黑人的，不写出名字的才是真爱。', 1, 0, ''),
(879, 1, 1365701215, 1971854925, '树洞的秘密有天会被公布吗', 1, 0, ''),
(880, 1, 1365702058, 2073294184, '如果这条状态回复超过十条，我茅笛表演胸口碎大石供大家玩赏。', 1, 0, ''),
(881, 1, 1365702173, 1971854925, '好友们逐个阵亡，乡亲们接连沦陷。我也想要个优雅迷人的江南妹子。让我卖超潘都行！', 1, 0, ''),
(882, 1, 1365702319, 3662086027, 'When I was young \nI''d listen to the radio \nWaitin'' for my favorite songs \nWhen they played I''d sing along \nIt made me smile.\n\nThose were such happy times \nAnd not so long ago \nHow I wondered where they''d gone \nBut they''re back again \nJust like a long lost friend \nAll the songs I loved so well. \n\nWhen they get to the part \nWhere he''s breakin'' her heart \nIt can really make me cry \nJust like before \nIt''s yesterday once more.\n\nLookin'' back on how it was \nIn years gone by \nAnd the good times that I had \nMakes today seem rather sad \nSo much has changed. \n\nIt was songs of love that \nI would sing to then \nAnd I''d memorize each word \nThose old melodies \nStill sound so good to me \nAs they melt the years away. \n\nAll my best memories \nCome back clearly to me \nSome can even make me cry. \n\nJust like before \nIt''s yesterday once more. ', 1, 0, ''),
(883, 1, 1365702998, 2102508420, '晚安，我爱你', 1, 0, ''),
(884, 1, 1365703810, 1905135982, '周艳怡，我喜欢你。', 1, 0, ''),
(885, 1, 1365704073, 3736210172, '有没有女生去看厨戏痞啊求一起', 1, 0, ''),
(886, 5, 1365705258, 3662086027, '测试防止输入字数过多无法显示完全的问题。测试防止输入字数过多无法显示完全的问题。测试防止输入字数过多无法显示完全的问题。测试防止输入字数过多无法显示完全的问题。测试防止输入字数过多无法显示完全的问题。测试防止输入字数过多无法显示完全的问题。测试防止输入字数过多无法显示完全的问题。测试防止输入字数过多无法显示完全的问题。测试防止输入字数过多无法显示完全的问题。测试防止输入字数过多无法显示完全的问题。测试防止输入字数过多无法显示完全的问题。测试防止输入字数过多无法显示完全的问题。', 1, 0, ''),
(887, 1, 1365705374, 2073294207, '真心佩服那些吧LOL当QQ玩的人…你打字不累啊…', 1, 0, ''),
(888, 4, 1365705397, 3662086027, '糖果罐里好多颜色，微笑却不甜了。晚安，南京。', 1, 0, ''),
(889, 1, 1365706832, 1783789793, '试试先', 1, 0, ''),
(890, 1, 1365707207, 1783789793, '给自己的心上了一道枷锁，别人进不去，自己也出不来', 1, 0, ''),
(891, 4, 1365717992, 987203647, '我是你大爷，，，，爱咋咋地，，，，，', 1, 0, ''),
(892, 1, 1365718331, 3549117462, 'Hala Madrid!', 1, 0, ''),
(893, 4, 1365722343, 987203697, '''''我想好好学习…不想谈恋爱''''', 1, 0, ''),
(894, 4, 1365724001, 2045097233, '一段感情交给距离～在不同的时空，计划我们的将来。有些挣扎会不会懂，我们会不会始终在世界的两头？', 1, 0, ''),
(895, 1, 1365724695, 1905136062, '法克，一大早强迫来当观众，死领导，死班长', 1, 0, ''),
(896, 1, 1365725448, 1905135963, '试试~\\(≧▽≦)/~', 1, 0, ''),
(897, 4, 1365727913, 987203778, '我要做自己，何必怕前度，就想干嘛干嘛，见到她就无视她。', 1, 0, ''),
(898, 4, 1365727998, 988826348, '别让我动心', 1, 0, ''),
(899, 1, 1365728495, 708709016, '树洞树洞，我又来了。。。这几天不知为啥，总是在六点多自然醒。醒来就想看看你有啥动态没。你说你想某个人了，但那个人肯定不是我吧，昨晚聊天都感觉是在敷衍我。我感觉我好多余啊。唉，和我在一起时，你快乐么、B？', 1, 0, ''),
(900, 4, 1365729815, 1879310897, '去你大爷的！', 1, 0, ''),
(901, 1, 1365732526, 1905136073, '真心觉得商务谈判与沟通这个课屌爆了', 1, 0, ''),
(902, 6, 1365734560, 3402379152, '屌丝怎么破', 1, 0, ''),
(903, 1, 1365734593, 3698577374, '这是神马？', 1, 0, ''),
(904, 1, 1365734853, 1905135963, '试试水。', 1, 0, ''),
(905, 1, 1365734943, 1905136062, '届かない言叶は宙を舞う、わかってるのに今日もして しまう。 あなたが好き。 あなたの温もりが消えち ゃう前に、 眠るの。', 1, 0, ''),
(906, 1, 1365735256, 3662086087, '咳咳，', 1, 0, ''),
(907, 1, 1365735640, 3085264690, '我不得告诉你们2011采矿三班的许秋东是傻逼。', 1, 0, ''),
(908, 1, 1365737121, 3085264690, '许秋东同学，我一直喜欢你，很久了，一直没有勇气给你表白，还记得去年大一的高数课吗？那段美丽的邂逅。', 1, 0, ''),
(909, 4, 1365737554, 1971856153, '人间蒸发了', 1, 0, ''),
(910, 4, 1365738186, 987203639, '他大爷，你还不快去，，，，', 1, 0, ''),
(911, 1, 1365738534, 3736210163, '树神大人，小屌丝给您上香了，愿女神大人事事顺利，没有然后了', 1, 0, ''),
(912, 1, 1365739223, 1905136035, '先做个实验。。然后再发', 1, 0, ''),
(913, 1, 1365740182, 1905136109, '李翌，我喜欢你', 1, 0, ''),
(914, 1, 1365740573, 242155733, '孩子我已经打掉了，刘梦然你就安心的去当你的学生会主席吧！', 1, 0, ''),
(915, 1, 1365740579, 3662086092, '我是真的很厌恶这段感情', 1, 0, ''),
(916, 4, 1365742792, 987203681, '或许我早就没有单纯地去爱你，无意的伤害和即便善意的欺骗都会让我充满戒备。原来的保守前进不过是我觉得自己输不起，而现在即便可能赌上自己我也不想再委屈自己。我的骄傲和倔强，即使因你而去压制，却从未因你而消失。', 1, 0, ''),
(917, 6, 1365743616, 2093948736, '我不想和他闹不高兴，真想能快乐的走到结婚', 1, 0, ''),
(918, 1, 1365748779, 1971854929, '刀驰宇，我可以和你交往吗？', 0, 0, ''),
(919, 1, 1365748954, 3662086100, '刀驰宇，我想和你交往，你太可爱了！', 0, 0, ''),
(920, 1, 1365748976, 3662086100, '刀驰宇，我想和你交往，你太可爱了！', 0, 0, ''),
(921, 1, 1365749177, 1905136037, '被同一个人拒绝两次真他妈悲哀。。。', 0, 0, ''),
(922, 1, 1365749471, 3737558868, '刀驰宇，我想和你交往，你太可爱了！', 0, 0, ''),
(923, 1, 1365750711, 2002212363, '我等来报身高了赤脚170 穿个普通鞋175±穿个高跟直接180!180啊！有木有啊！就没敢穿过高跟啊！', 0, 0, ''),
(924, 1, 1365750713, 3662086027, '愿得一人心，白首不分离。', 0, 0, ''),
(925, 1, 1365750719, 2002212363, '我等来报身高了赤脚170 穿个普通鞋175±穿个高跟直接180!180啊！有木有啊！就没敢穿过高跟啊！', 0, 0, ''),
(926, 1, 1365750743, 3662086027, '愿得一人心，白首不分离。', 0, 0, ''),
(927, 1, 1365750753, 3662086027, '愿得一人心，白首不分离。', 0, 0, ''),
(928, 1, 1365750767, 3662086027, '愿得一人心，白首不分离。', 0, 0, ''),
(929, 1, 1365750785, 2002212363, '我等来报身高了赤脚170 穿个普通鞋175±穿个高跟直接180!180啊！有木有啊！就没敢穿过高跟啊！', 0, 0, ''),
(930, 1, 1365750801, 2002212363, '我等来报身高了赤脚170 穿个普通鞋175±穿个高跟直接180!180啊！有木有啊！就没敢穿过高跟啊！', 0, 0, ''),
(931, 1, 1365750803, 3662086027, '愿得一人心，白首不分离。', 0, 0, ''),
(932, 1, 1365750813, 3662086027, '愿得一人心，白首不分离。', 0, 0, ''),
(933, 1, 1365750946, 3662086027, '愿得一人心，白首不分离。', 0, 0, ''),
(934, 1, 1365750950, 2002212363, '我等来报身高了赤脚170 穿个普通鞋175±穿个高跟直接180!180啊！有木有啊！就没敢穿过高跟啊！', 0, 0, ''),
(935, 1, 1365750988, 2002212363, '我等来报身高了赤脚170 穿个普通鞋175±穿个高跟直接180!180啊！有木有啊！就没敢穿过高跟啊！', 0, 0, ''),
(936, 1, 1365751276, 3662086027, '愿得一人心，白首不分离。', 0, 0, ''),
(937, 1, 1365751439, 3662086027, '愿得一人心，白首不分离。', 0, 0, ''),
(938, 1, 1365751446, 3662086027, '愿得一人心，白首不分离。', 0, 0, ''),
(939, 1, 1365751560, 3662086027, '愿得一人心，白首不分离。', 0, 0, ''),
(940, 1, 1365751572, 3662086027, '愿得一人心，白首不分离。', 0, 0, ''),
(941, 1, 1365751891, 3662086027, '愿得一人心，白首不分离。', 0, 0, ''),
(942, 1, 1365751951, 2002212363, '我等来报身高了赤脚170 穿个普通鞋175±穿个高跟直接180!180啊！有木有啊！就没敢穿过高跟啊！', 0, 0, ''),
(943, 4, 1365752020, 3026401012, 'XuYang xun qi ！！！', 1, 0, ''),
(944, 1, 1365752029, 3662086027, '愿得一人心，白首不分离。', 0, 0, ''),
(945, 1, 1365752038, 3662086027, '愿得一人心，白首不分离。', 0, 0, ''),
(946, 1, 1365752343, 3662086027, '愿得一人心，白首不分离。', 0, 0, ''),
(947, 1, 1365752478, 3548965281, '求介绍自动化学院那位机器人帅锅，太帅了，求交往。', 0, 0, ''),
(948, 1, 1365752489, 3548965281, '求介绍自动化学院那位机器人帅锅，太帅了，求交往。', 0, 0, ''),
(949, 1, 1365752549, 3662086027, '愿得一人心，白首不分离。', 1, 0, ''),
(950, 1, 1365752706, 3548965281, '自动化学院那个机器人帅锅，太帅了，求介绍，求交往', 1, 0, ''),
(951, 1, 1365753062, 3662086027, '唔…程序哪个地方写错了？一下午都没发出去状态…Orz…继续DEBUG…', 1, 0, ''),
(952, 4, 1365753086, 3662086027, '愿得一人心，白首不分离。', 1, 0, ''),
(953, 6, 1365753222, 3662086027, '眼看着手机里没讯号，担心你的回信我收不到。', 1, 0, ''),
(954, 1, 1365753253, 3662086109, '其实重大的帅哥真不多！！！', 1, 0, ''),
(955, 4, 1365753387, 987203637, '为什么上完体育课还要上学科导论，这不科学，热死我了T^T', 1, 0, ''),
(956, 4, 1365753623, 2045097233, 'xu er，想说，你给我的感觉，一切都刚刚好的样子！', 1, 0, ''),
(957, 1, 1365753828, 3662086032, '被一个男的拒绝两次真他妈不爽~~', 1, 0, ''),
(958, 6, 1365753966, 2073474717, '试试看是不是真的能发粗来', 1, 0, ''),
(959, 4, 1365754235, 987072839, '某个人我真的对你忍无可忍了，一个老爷们天天在人背后说三道四的，贱不贱啊你', 1, 0, ''),
(960, 1, 1365754245, 3662086100, '刀驰宇，我想和你交往，你太可爱了！', 1, 0, ''),
(961, 1, 1365756213, 2073294194, '今天心好烦。', 1, 0, NULL),
(962, 1, 1365756607, 1905136038, '回复过十本耗子裸奔', 1, 0, NULL),
(963, 6, 1365757783, 2073474716, '曾增我爱你', 1, 0, NULL),
(964, 1, 1365760631, 3662086027, '连个太阳都不出，等着晒被子啊晒被子…', 1, 0, NULL),
(965, 1, 1365762863, 3662086130, '什么时候才粗太阳。。', 1, 0, NULL),
(966, 6, 1365763437, 3402379228, 'wmy我好喜欢你', 1, 0, NULL),
(967, 1, 1365764444, 3549117462, '红霞女神，听说你和逼区后门玩农金那货快成了，我好忧桑', 1, 0, NULL),
(968, 6, 1365765888, 1033171993, '这个什么东西', 1, 0, NULL),
(969, 6, 1365766449, 3402379245, '这玩意真好玩 好可惜五分钟才能发一次 倒计时中', 1, 0, NULL),
(970, 4, 1365767628, 3662086027, '最近果断坚持吃素，，，', 1, 0, NULL),
(971, 1, 1365767670, 3662086027, '好困啊。感觉不会再爱了。', 1, 0, NULL),
(972, 4, 1365767802, 2045607749, '楼上那位，我妈也在减肥。。。', 1, 0, NULL),
(973, 1, 1365767969, 1905136078, '淘宝发现一个"重庆大学chinanet"的店子。。不过只有两个小时的。。竟然还是自动发货。。', 1, 0, NULL),
(974, 6, 1365768045, 3402379257, '我很闲 再发一条 一不小心过了这么长时间 我在上内经', 1, 0, NULL),
(975, 4, 1365768225, 2059535297, '我觉得自己对不起父母，感觉他们已经老了才懂得回报他们，我负罪感好深哇', 1, 0, NULL),
(976, 8, 1365768260, 3662086027, 'hello world! ', 1, 0, NULL),
(977, 4, 1365768288, 999776138, '每一个爱运动的女孩都是好女孩？', 1, 0, NULL),
(978, 6, 1365768308, 3402379228, '五分钟过得很快 我又来啦 啊哈哈哈哈哈哈m', 1, 0, NULL),
(979, 1, 1365768308, 3549117459, '把号码簿翻了三遍，发现连能谈心的人都没有', 1, 0, NULL),
(980, 6, 1365769552, 3402379141, '一下子过了二十分钟 传说 要下课了m', 1, 0, NULL),
(981, 1, 1365769714, 1905135949, '啊啊啊啊啊建院12级有个帅哥好帅啊，貌似姓梁，求介绍', 1, 0, NULL),
(982, 6, 1365769821, 3402379164, '无聊，永恒的主题', 1, 0, NULL),
(983, 6, 1365770016, 3402379247, '我又来发状态了 这课得是多无聊 大家不要烦我啊 哈哈哈哈哈m', 1, 0, NULL),
(984, 6, 1365770852, 3402379211, '这东西怎么玩儿？', 1, 0, NULL),
(985, 6, 1365771157, 2093948811, '你就是那人间的四月天。', 1, 0, NULL),
(986, 6, 1365773089, 1033171520, '李盼飞，我喜欢你。', 1, 0, NULL),
(987, 6, 1365774198, 1697031326, '亲爱的们 我又来了 我到家啦 羡慕嫉妒恨吧m', 1, 0, NULL),
(988, 1, 1365774208, 3728912334, '钟红才求交往', 0, 0, NULL),
(989, 1, 1365774215, 3728912334, '钟红才求交往', 1, 0, NULL),
(990, 1, 1365775238, 3662086133, '今天很开心。因为是和你过的。', 1, 0, NULL),
(991, 1, 1365775502, 2102507661, '杨星星。。虽说你一直说要做朋友。。我也尝试过。。可是我做不到。。在这个寂静的夜里。。又想你了！！！！', 1, 0, NULL),
(992, 6, 1365775819, 1697031326, '啦啦啦德马西亚 啦啦啦啦撸啊撸啊 m', 1, 0, NULL),
(993, 6, 1365776282, 1033171730, '给萌妹子拱健婷求男朋友。。。', 1, 0, NULL),
(994, 1, 1365778241, 3402238459, '这个有没主页君啊', 1, 0, NULL),
(995, 1, 1365778700, 1912305931, '谁能帮我@哈大三的土木学长李雪阳 我喜欢他好久了！！！！！！！！！！又风趣又帅气的兵哥哥 我就是我喜欢你', 1, 0, NULL),
(996, 1, 1365779107, 3402238461, '为什么在百度上搜不到这个树洞的地址', 1, 0, NULL),
(997, 1, 1365779221, 1912305931, '树洞君 敢不敢不要吞我的信息 李雪阳 求交往', 1, 0, NULL),
(998, 1, 1365779350, 3402238457, '出于强烈的好奇，我在想，树洞的原理是什么？如何破解树洞？', 1, 0, NULL),
(999, 6, 1365779852, 3402379161, '女汉子注定孤独一生啊！！！！完全被自己打败了想勒死自己怎么办！', 1, 0, NULL),
(1000, 4, 1365780457, 987203637, '前女友这种事物，必须要斩草除根以绝后患不是？', 1, 0, NULL),
(1001, 1, 1365780771, 3737558895, '就这样过了一年。我喜欢了你一年了。你肯定不会记得去年你问我的话，明年你肯定也不会记得今年我对你说过的话。', 1, 0, NULL),
(1002, 1, 1365781556, 1891731302, '结果就又来不起叻', 1, 0, NULL),
(1003, 1, 1365781836, 1940746796, '林乔木！！我爱你！！！我要给你生孩子！！！！！', 1, 0, NULL),
(1004, 1, 1365781933, 3737558878, '烦呐，真是的', 1, 0, NULL),
(1005, 1, 1365782011, 3402238460, '等我把树洞破解了，你们这些人，哈哈，哥要看好戏了。。。', 1, 0, NULL),
(1006, 1, 1365782176, 3737559001, '这是什么？？？貌似是个黑人的好东西？', 1, 0, NULL),
(1007, 1, 1365782237, 3737558878, '我觉得树洞可以继续开发功能，打个不靠谱的比方，有找基友的，他倒是可以匿名发状态，人家回复的不好亮明身份呢？可以匿名回复不，聊聊再看发展，或是悄悄话？（纯属yy）', 1, 0, NULL),
(1008, 1, 1365782306, 3548965278, '不是我坚持不做蹄花汤给你吃，而是怕我说了“好啊我做”之后你会说突然认真起来“说着玩的，不用那么麻烦啦”。', 1, 0, NULL),
(1009, 1, 1365782455, 1905136048, '老子运气真tm背！！！', 1, 0, NULL),
(1010, 1, 1365782578, 3662086080, '我是车彦文，我要找女朋友是哈哈哈！！！', 1, 0, NULL),
(1011, 1, 1365782578, 3662086073, '想寻觅个有很多爱好愿意年轻态~~~愿意体验各种二各种疯狂的妹只', 1, 0, NULL),
(1012, 1, 1365782809, 3662086124, '嗯。默默地走过以后的日子。我 想真的，只有你能明白我的内心。\n', 1, 0, NULL),
(1013, 1, 1365782865, 3698577374, '说锤子，我要破解你', 1, 0, NULL),
(1014, 1, 1365782869, 3662086116, '其实你很好，不要想太多，相信缘分。。。', 1, 0, NULL),
(1015, 1, 1365782891, 1905135994, 'MYC你怎么就不明白我的想法', 1, 0, NULL),
(1016, 1, 1365783127, 2073294169, '做一个有气质的男人', 1, 0, NULL),
(1017, 1, 1365783229, 1971854919, '我喜欢你，你信吗', 1, 0, NULL),
(1018, 6, 1365783247, 987203728, '每次提到金针菇郭爽第一反应总是see you tomorrow!-_-b', 1, 0, NULL),
(1019, 1, 1365783270, 2002884506, '我不喜欢你好忙。总是没时间来陪我。', 1, 0, NULL),
(1020, 4, 1365783295, 987203767, '前女友真不能做好朋友呀，刚被表白就被分手，简直莫名其妙，明显心理有问题，幸亏坚决不再理她，否则她又要给我添不少麻烦事。真是天真可爱，还说做好朋友，上天自有报应，等着瞧。', 1, 0, NULL),
(1021, 1, 1365783314, 3737558947, '我要做一个对自己负责的人。', 1, 0, NULL),
(1022, 1, 1365783558, 3402238459, '树洞的话  十有八九信不得', 1, 0, NULL),
(1023, 1, 1365783677, 3545751336, '我想回重大', 1, 0, NULL),
(1024, 1, 1365783681, 3662086127, '为什么会觉得那么无聊啊！', 1, 0, NULL),
(1025, 1, 1365783696, 1971854921, '好寂寞啊，好希望遇到一个妹纸啊', 1, 0, NULL),
(1026, 6, 1365783874, 3402379162, '只有lesbian或者gay跟异性之间才存在纯洁的友谊吧？', 1, 0, NULL),
(1027, 6, 1365783885, 3402379229, '何栋是个猪', 1, 0, NULL),
(1028, 1, 1365784000, 1905136034, '昨天发的为什么没发出去T^T人品咩……', 1, 0, NULL),
(1029, 1, 1365784056, 1783791969, '啦啦啦，德玛西亚', 1, 0, NULL),
(1030, 6, 1365784211, 3402379151, '@胡坤@曾杰', 0, 0, NULL),
(1031, 1, 1365784271, 2073035818, 'BC，我爱你。', 1, 0, NULL),
(1032, 1, 1365784304, 3025526382, '交给时间，希望时间给我一个最好的结局···我会努力的！   未来的某一天我们再相遇的时候   会有更好的未来的，我相信~', 1, 0, NULL),
(1033, 1, 1365784367, 3025512777, '不玩lol', 1, 0, NULL),
(1034, 4, 1365784373, 987203651, '为嘛发不粗去哦', 1, 0, NULL),
(1035, 1, 1365784374, 3662086106, '孩子我已经打掉了，尚景林熊小龙于琳妮李贝尔你们就安心的去当你们的学生会主席吧', 0, 0, NULL),
(1036, 1, 1365784387, 3662086106, '孩子我已经打掉了，尚景林熊小龙于琳妮李贝尔你们就安心的去当你们的学生会主席吧', 0, 0, NULL),
(1037, 1, 1365784400, 3662086106, '，', 0, 0, NULL),
(1038, 1, 1365784426, 3662086106, '孩子我已经打掉了，尚景林熊小龙于琳妮李贝尔你们就安心的去当你们的学生会主席吧', 0, 0, NULL),
(1039, 1, 1365784510, 1783791969, '给心上了一道枷锁，别人进不去，自己也出不来', 0, 0, NULL),
(1040, 1, 1365784547, 3662086124, '一个人久了，就习惯了。', 0, 0, NULL),
(1041, 1, 1365784555, 3662086124, '一个人久了，就习惯了。', 0, 0, NULL),
(1042, 1, 1365784647, 3662086124, '一个人久了，就习惯了。', 0, 0, NULL),
(1043, 1, 1365784675, 2102507912, '希望你能用特别的方式记住我', 0, 0, NULL),
(1044, 1, 1365784741, 2102508082, '着凉了嗓子痛没人关心 或许现在真的应该求个男友当作依靠了。', 0, 0, NULL),
(1045, 1, 1365784752, 2102508082, '着凉了嗓子痛没人关心 或许现在真的应该求个男友当作依靠了。', 0, 0, NULL),
(1046, 4, 1365784779, 987203651, '楼上上渣男,鉴定完毕,负分滚粗', 0, 0, NULL),
(1047, 1, 1365784787, 2102508082, '着凉了嗓子痛没人关心 或许现在真的应该求个男友当作依靠了。', 0, 0, NULL),
(1048, 1, 1365784798, 3736210165, '喜当爹？', 0, 0, NULL),
(1049, 1, 1365784806, 3736210165, '喜当爹？', 0, 0, NULL),
(1050, 1, 1365784807, 2102508082, '着凉了嗓子痛没人关心 或许现在真的应该求个男友当作依靠了。', 0, 0, NULL),
(1051, 1, 1365784818, 3736210165, '喜当爹？？？？', 0, 0, NULL),
(1052, 1, 1365784833, 2102508082, '着凉了嗓子痛没人关心 或许现在真的应该求个男友当作依靠了。', 0, 0, NULL),
(1053, 1, 1365784839, 3736210165, '喜当爹？！', 0, 0, NULL),
(1054, 1, 1365784861, 3736210165, '喜当爹？！', 0, 0, NULL),
(1055, 1, 1365784869, 3736210165, '喜当爹？！', 0, 0, NULL),
(1056, 1, 1365784877, 2102508082, '着凉了嗓子痛没人关心 或许现在真的应该求个男友当作依靠了。', 0, 0, NULL),
(1057, 1, 1365784884, 2002221462, '男朋友所有的相册里都没有女朋友的照片意味着什么呢？', 0, 0, NULL),
(1058, 1, 1365784892, 2002221462, '男朋友所有的相册里都没有女朋友的照片意味着什么呢？', 0, 0, NULL),
(1059, 1, 1365784901, 3736210165, '喜当爹？！', 0, 0, NULL),
(1060, 1, 1365784915, 2002221462, '男朋友所有的相册里都没有女朋友的照片意味着什么呢？', 0, 0, NULL),
(1061, 1, 1365784929, 2002221462, '男朋友所有的相册里都没有女朋友的照片意味着什么呢？', 0, 0, NULL),
(1062, 1, 1365784959, 1905135973, '每天睡这么晚害得我都不能睡！！！！吐槽！！！！！！', 0, 0, NULL),
(1063, 1, 1365784973, 1905135973, '每天睡这么晚害得我都不能睡！！！！吐槽！！', 0, 0, NULL),
(1064, 1, 1365785001, 2002221462, '我只是不愿意让争吵毁掉我争取的感情。我还爱你。始终爱你', 0, 0, NULL),
(1065, 1, 1365785220, 242207420, '诗经老师是个猥琐的白痴。。。。', 0, 0, NULL),
(1066, 1, 1365785228, 242207420, '诗经老师是个猥琐的白痴。。。。', 0, 0, NULL),
(1067, 1, 1365785312, 242207420, '诗经老师是个猥琐的白痴', 0, 0, NULL),
(1068, 1, 1365785345, 1971854924, '一开始因为他玩lol的，现在觉得还是多好玩吖，不过输多了就没意思了，今晚就是个例子==', 0, 0, NULL),
(1069, 1, 1365785363, 1971854924, '一开始因为他玩lol的，现在觉得还是多好玩吖，不过输多了就没意思了，今晚就是个例子--', 0, 0, NULL),
(1070, 1, 1365785378, 1971854924, '一开始因为他玩lol的，现在觉得还是多好玩吖，不过输多了就没意思了，今晚就是个例子。。', 0, 0, NULL),
(1071, 1, 1365785392, 1971854924, '一开始因为他玩lol的，现在觉得还是多好玩吖，不过输多了就没意思了，今晚就是个例子', 0, 0, NULL),
(1072, 1, 1365785432, 1971854924, '一开始因为他玩lol的，现在觉得还是多好玩的呐，只是输多了就很不安逸诶，今晚就是个例子', 0, 0, NULL),
(1073, 1, 1365785462, 1971854924, 'why', 0, 0, NULL),
(1074, 1, 1365785506, 1971854924, '我爱你', 0, 0, NULL),
(1075, 1, 1365785518, 1971854924, '我爱你', 0, 0, NULL),
(1076, 1, 1365785622, 1971854940, '我想知道怎样才能辨别一个男生是否对自己是真爱呢。', 1, 0, NULL),
(1077, 1, 1365785725, 3662086076, '你给我很多机会，谢谢，但是我不配。', 1, 0, NULL),
(1078, 1, 1365785949, 242207420, '诗经老师是个猥琐的白痴', 1, 0, NULL),
(1079, 1, 1365786706, 999776215, '好无聊啊！上课无聊，不上课更无聊有木有！原本雄心壮志木有了……动力木有了……开撸啊撸了T_T蛋碎一地……', 1, 0, NULL),
(1080, 1, 1365786864, 1971854924, '因为他我开始打lol，我们一起打，后来喜欢上了，可是连输就没意思了，例如今晚上', 1, 0, NULL),
(1081, 1, 1365786980, 1905136053, '洋神我要给你生孩子～', 1, 0, NULL),
(1082, 1, 1365787195, 3698574985, '欧冠半决赛，我还是支持拜仁慕尼黑', 1, 0, NULL),
(1083, 1, 1365787704, 987203708, '软件学院的马骏捷，我真的好爱你，春秋冬夏，愿与君相伴', 1, 0, NULL),
(1084, 1, 1365788286, 1905136051, '最恨玩LOL的人', 1, 0, NULL),
(1085, 1, 1365788616, 1905136051, '长得矮，女神高我一点点，好不甘心', 1, 0, NULL),
(1086, 1, 1365789027, 3662086082, '小明理了头发，第二天来到学校，同学们看到他的新发型，笑到:小明，你的头型好像个风筝哦！小明觉得很委屈，就跑到外面哭。哭着哭着~他就飞起来了...', 1, 0, NULL),
(1087, 1, 1365789162, 1940411578, '不能和你一起去运动会，特别遗憾，特别难受。', 1, 0, NULL),
(1088, 1, 1365789370, 3549117462, '红霞or星星，好头痛', 1, 0, NULL),
(1089, 1, 1365790219, 1905135984, '今天下午去歌乐吃饭路上不小心把钥匙掉了，哪位捡到的好心人帮帮忙，交给竹二楼下阿姨处或者联系我15223145029，鄙人不甚感激', 1, 0, NULL),
(1090, 6, 1365791038, 3402379246, '我们在一起，我总是装的很爷们来维持稳定的异性朋友关系，因为，我怕我们之间渐渐出现尴尬', 1, 0, NULL),
(1091, 1, 1365791092, 1971854938, '鹏鹏，小虎，二哥，睡好！不要让我听到隔壁的普汗声音！哈哈哈哈哈哈哈哈哈', 1, 0, NULL),
(1092, 1, 1365791253, 1905135975, '深夜   好蛋疼', 1, 0, NULL),
(1093, 1, 1365791799, 1912332173, '传媒双雄~~', 1, 0, NULL),
(1094, 1, 1365791911, 1905136089, '睡不着，miss u', 1, 0, NULL),
(1095, 1, 1365791918, 1971854927, '睡不着，怎么破QAQ', 1, 0, NULL),
(1096, 1, 1365792609, 2073294201, '为什么我这么高富帅可没有男人喜欢我！！', 1, 0, NULL),
(1097, 1, 1365801165, 533535640, 'I''ve known one thing since I was a child. Do not ask for what you want. If people care about you, they will always give it to you even though you are salient. If they don''t, you make them care. That''s the only way.', 1, 0, NULL),
(1098, 1, 1365809847, 1971851654, '@青岛某人。明明知道不可能，却幻想有可能；明明还未晤面，做梦也会梦见。都说不清这是为何……总之，希望你能够好好地。我们说好国庆苏州见。', 0, 0, NULL),
(1099, 1, 1365809863, 1971851654, '@青岛某人。明明知道不可能，却幻想有可能；明明还未晤面，做梦也会梦见。都说不清这是为何……总之，希望你能够好好地。我们说好国庆苏州见。', 0, 0, NULL),
(1100, 1, 1365809878, 1971851654, '@青岛某人。明明知道不可能，却幻想有可能；明明还未晤面，做梦也会梦见。都说不清这是为何……总之，希望你能够好好地。我们说好国庆苏州见。', 0, 0, NULL),
(1101, 1, 1365809902, 1971851654, '@青岛某人。明明知道不可能，却幻想有可能；明明还未晤面，做梦也会梦见。都说不清这是为何……总之，希望你能够好好地。我们说好国庆苏州见。', 0, 0, NULL),
(1102, 1, 1365810001, 2031002124, '@青岛某人。明明知道不可能，却幻想有可能；明明还未晤面，做梦也会梦见。都说不清这是为何……各种缘分累加，说来也挺有意思。总之，希望你能够好好地。我们说好的，国庆苏州见。', 0, 0, NULL),
(1103, 1, 1365810042, 2031002124, '@青岛某人。明明知道不可能，却幻想有可能；明明还未晤面，做梦也会梦见。都说不清这是为何……各种缘分累加，说来也挺有意思。总之，希望你能够好好地。我们说好的，国庆苏州见。', 0, 0, NULL),
(1104, 1, 1365810057, 2031002124, '@青岛某人。明明知道不可能，却幻想有可能；明明还未晤面，做梦也会梦见。都说不清这是为何……各种缘分累加，说来也挺有意思。总之，希望你能够好好地。我们说好的，国庆苏州见。', 0, 0, NULL),
(1105, 1, 1365810172, 2031002124, '@青岛某人。明明知道不可能，却幻想有可能；明明还未晤面，做梦也会梦见。都说不清这是为何……各种缘分累加，说来也挺有意思。总之，希望你能够好好地。我们说好的，国庆苏州见。', 0, 0, NULL),
(1106, 1, 1365810178, 2031002124, '@青岛某人。明明知道不可能，却幻想有可能；明明还未晤面，做梦也会梦见。都说不清这是为何……各种缘分累加，说来也挺有意思。总之，希望你能够好好地。我们说好的，国庆苏州见。', 0, 0, NULL);
INSERT INTO `record` (`record_id`, `hollow_id`, `record_time`, `record_ip`, `record_data`, `record_state`, `record_error_code`, `record_error_msg`) VALUES
(1107, 1, 1365810183, 2031002124, '@青岛某人。明明知道不可能，却幻想有可能；明明还未晤面，做梦也会梦见。都说不清这是为何……各种缘分累加，说来也挺有意思。总之，希望你能够好好地。我们说好的，国庆苏州见。', 0, 0, NULL),
(1108, 1, 1365813415, 3662086102, '树洞你妹啊。。。', 1, 0, NULL),
(1109, 6, 1365814597, 3402379140, '岐黄2班的刘彧杉好萌好可爱啊。。。求勾搭。。', 1, 0, NULL),
(1110, 1, 1365819939, 1783768128, 'shabby好累，人都耙了。。。', 1, 0, NULL),
(1111, 1, 1365820344, 1783768128, 'shabby好累，人都耙了。。。', 1, 0, NULL),
(1112, 1, 1365831686, 708709016, 'You will wake up feeling sorry. Life  won''t wait I guess it''s up to you. ', 1, 0, NULL),
(1113, 4, 1365832883, 987203777, '昨天中午见到她，那种近距离对视，简直让人窒息。我真的是被惊艳到了，那种病态的白与媚，那恰到好处的胸部线条。你是我见过的最美丽的女子，我好喜欢你呀，可惜有男友了。重庆妹子真好看。', 1, 0, NULL),
(1114, 1, 1365833233, 3030392406, '15 years have passed, and there are 3 more left. Wait for me, OK?', 1, 0, NULL),
(1115, 1, 1365835173, 3085260606, '求介绍帅哥阿。', 1, 0, NULL),
(1116, 1, 1365836343, 1905136093, '张蕾二货肯定猜不到我是谁。', 1, 0, NULL),
(1117, 1, 1365838327, 1905136032, '冰雪公主滚出重大  黑心店主马勒戈壁      惊曝A区中门奶茶店黑心内幕-----冰雪公主实为蛇蝎公主!!!!!! http://rrurl.cn/kDxQf6', 1, 0, NULL),
(1118, 1, 1365840981, 1905136078, '老是让我打电话问候某人某人的，又有谁问候过我吗？我大学三年过得怎么样，怎么过的，你又有问过又知道吗？您可是我亲妈啊！', 1, 0, NULL),
(1119, 1, 1365841271, 1909348519, '树洞是怎样的一个存在。。', 1, 0, NULL),
(1120, 1, 1365842323, 2073294176, '再次看到机场啜泣离别拥抱的情侣我也学会了默默祝福，离开这座迷雾，兄弟们加油，我会去看看那部重回17岁的。', 1, 0, NULL),
(1121, 1, 1365844497, 3545751336, '你猜猜我是谁，哦也，猜对了请客', 1, 0, NULL),
(1122, 1, 1365848249, 3662086142, '好神奇的树洞、', 1, 0, NULL),
(1123, 1, 1365851703, 2073294189, '郭晓芸还是挺美的', 1, 0, NULL),
(1124, 1, 1365853276, 3662086033, '仅仅才一天，失去你的所有消息，好想你。唉，我真没出息。偶然的机会让我认识了你的某个朋友，聊了很多，明白一些事情。我知道怎样最好。我也知道怎样对你最好，那就是跟着自己内心的呼唤走。', 1, 0, NULL),
(1125, 4, 1365856188, 3662086027, '第一眼见到你，我就深深爱上了你。', 1, 0, NULL),
(1126, 6, 1365858903, 3662086027, 'the day you went away.', 0, 0, NULL),
(1127, 6, 1365858932, 3662086027, 'the day you went away.', 1, 0, NULL),
(1128, 6, 1365859393, 2073474989, '谁能告诉我五一假期什么时候开始放假？谁告诉我我就认作谁的爹', 1, 0, NULL),
(1129, 1, 1365860014, 999782442, '工图好杯油啊！继续画……', 1, 0, NULL),
(1130, 1, 1365860263, 2102507607, '就这样你说我是你的闺蜜。。我就成了你的闺蜜。结果四天后你又做了不是闺蜜做的事，对你来说找一个闺蜜或许是一件很随便的事把。，。。', 1, 0, NULL),
(1131, 4, 1365863952, 987203680, '尼玛花了钱受了罪，还病了。搞得这是什么呀？没弄好就吵吵着去，以后再也不迁就他们了，这么不负责任，什么人啊！靠！！！！你们妹子的。', 1, 0, NULL),
(1132, 4, 1365864683, 987203776, 'DD，真的是很可爱的呀。尤其是她人人上的头像，把我萌翻了，竟然加我好友了，好开心呀。之前一直不敢加她。真心好奇，一个班怎么能出这么几个萌物呢?', 1, 0, NULL),
(1133, 4, 1365864959, 1968729874, '他访问了我～好开心～', 1, 0, NULL),
(1134, 1, 1365866444, 242197292, '最好的闺蜜不接受我的男朋友，夹在中间的我好难受。劳资这是该谁的咩？', 1, 0, NULL),
(1135, 1, 1365867380, 3736571077, '其实我最想的是 能和你一起去看 分手合约 ', 1, 0, NULL),
(1136, 1, 1365868181, 2102508355, '有一个女孩。。我很喜欢她。。她也知道我喜欢她。。但是她一直说做朋友。。我也尝试过。。可是我还是做不到。。我该怎么半。。各位给点意见啊！！！', 1, 0, NULL),
(1137, 1, 1365868334, 1905136065, '拜托  是你抢我对象。你还一天看不惯我。有病吧你', 1, 0, NULL),
(1138, 4, 1365869852, 1927212189, '找人吐槽的节奏！就是不相信你了！哼！！！', 1, 0, NULL),
(1139, 4, 1365870184, 2059534946, '这叫什么，报应？喜欢我们的人，我们不在乎；我们喜欢的人，不在乎我们。呵呵。', 1, 0, NULL),
(1140, 1, 1365870451, 3662086124, '重庆大学基佬真多！！！！！！！！！！！！！！！！！！！！！！！！！！！！！！！！！！！！！！！！！！！！！！！！！！！！！！！！！！！！！！！！！！！怎么会这样 = =', 1, 0, NULL),
(1141, 1, 1365870500, 1905135999, '土木，我爱你', 1, 0, NULL),
(1142, 4, 1365870734, 987203672, '其实吧，我好想好想再恋爱一次，可惜时日无多，呵，大四即将毕业，我已想好去哪里，恋爱会束缚着我，孤独是人生的必修课，不是么，在这两个月里，我会将我想做但没做的事情全部再做一遍，房小贱，加油！', 1, 0, NULL),
(1143, 1, 1365870756, 3662086054, '我想对那个说重大基佬楞个多的童鞋说。。。。。我们不是歧视异性恋的！！！！！么么哒~~~', 1, 0, NULL),
(1144, 1, 1365871031, 3662086124, '其实我想说的是 我没想到这么多  = =  太多了 \n', 1, 0, NULL),
(1145, 1, 1365871167, 2073294195, '孟鑫是我的好基友~', 1, 0, NULL),
(1146, 1, 1365871226, 3657869907, '弹好贝斯，找会弹钢琴会唱歌的女盆友！！！', 1, 0, NULL),
(1147, 1, 1365871387, 3549117462, '2梦玲。。我喜欢你。。。', 1, 0, NULL),
(1148, 1, 1365871388, 1971854938, '琬小妞。。我喜欢你。。。', 1, 0, NULL),
(1149, 1, 1365871775, 1783795957, '院学环城宋蕙，我喜欢你！我一直在你身边。', 1, 0, NULL),
(1150, 1, 1365872074, 2073294195, '下午两点光电VS艺术，我赌光电赢，篮球狗们不服来辩。', 1, 0, NULL),
(1151, 1, 1365872125, 1971854923, 'i miss u', 1, 0, NULL),
(1152, 1, 1365872578, 3662086042, '你是谁', 1, 0, NULL),
(1153, 1, 1365872584, 1905136038, '去不去看分手合约？和谁去？', 1, 0, NULL),
(1154, 1, 1365872787, 1905136057, '你要快点好起来！', 1, 0, NULL),
(1155, 1, 1365872818, 708709010, 'I miss you so bad. World Counter Strike. Beautiful Utimate Nice Night Yankee. ', 1, 0, NULL),
(1156, 1, 1365872957, 3662086022, '城环妹纸，倪翌晨这个傻缺真的好漂亮！！！！！！', 1, 0, NULL),
(1157, 1, 1365873026, 3085278850, '逼哥我爱你！社会主义好！', 1, 0, NULL),
(1158, 1, 1365873269, 3708417828, '希望这世上的所有傻姑娘都可以得到幸福！！千万别再执着着那些本不该你执着的东西了。。Y。。一年没到 但我TM放弃你了！！', 1, 0, NULL),
(1159, 1, 1365873495, 2073294154, '我爱你。。。但是你怎么才会明白呢', 1, 0, NULL),
(1160, 1, 1365873660, 3549117459, '在A区吃米粉时在饭店拿了一个大蒜回来。。。。。。。室友都不跟我说话了怎么回事？？？', 1, 0, NULL),
(1161, 1, 1365873867, 2073294183, '哎…猫头鹰，查岗结束没？明天你回去机场接我么TAT', 1, 0, NULL),
(1162, 1, 1365873967, 1905136045, '明早英语竞赛要裸考，晚上高数又要裸考，是要逼我裸奔吗！！？？', 1, 0, NULL),
(1163, 1, 1365874213, 2073294121, '一直没忍住 又入了波点黑鲨 不过真心好喜欢', 1, 0, NULL),
(1164, 1, 1365874534, 3074441469, '别人背地里骂我也好瞧不起我也好，我喜欢你，用不着别人操心，至少你都知道。', 1, 0, NULL),
(1165, 1, 1365875959, 1971854927, '好难受啊，好难受，你不心疼我算了，不用你心疼我', 1, 0, NULL),
(1166, 6, 1365875991, 1033172046, '想你。', 1, 0, NULL),
(1167, 1, 1365876259, 2073293877, '我爱你，我一直想让你明白，我想跟你一直在一起cc1126', 1, 0, NULL),
(1168, 1, 1365876264, 1971854941, '哎，又自黑了荻花圣殿CD，不开心', 1, 0, NULL),
(1169, 1, 1365877071, 1971854927, '失眠了', 1, 0, NULL),
(1170, 1, 1365877171, 1783788864, '我要开始追你了，等着吧', 1, 0, NULL),
(1171, 1, 1365877581, 1905136039, '女神，别生气了好不？你什么时候才能原谅我啊？我已经3天没和你说话了。。。', 1, 0, NULL),
(1172, 1, 1365878180, 1971854932, '软件学院的付修远学长是不是长得很帅？我们寝室有个妹子想跟他交往。', 1, 0, NULL),
(1173, 1, 1365878786, 1905136017, '周新奕是大傻逼！', 1, 0, NULL),
(1174, 1, 1365893743, 1905135985, '梦见你了，真好。', 1, 0, NULL),
(1175, 4, 1365894043, 2045097233, '学会去喜欢一个人，无论结果如何，至少还懂得去爱。麻木了太久，也无所谓了太久，好像 静止的水，跟着时间，发呆', 1, 0, NULL),
(1176, 1, 1365895612, 1905135985, '歌乐食堂豆腐脑有虫，以后我是不买了。ps 上回也有。', 1, 0, NULL),
(1177, 1, 1365897664, 3549117462, '其实你根本不喜欢我 为什么要说你喜欢我 ', 1, 0, NULL),
(1178, 1, 1365900083, 2102507781, '早上好', 1, 0, NULL),
(1179, 1, 1365901255, 3703951457, '再不学习，离别人就会越来越远；再不学习，后面的路就会越来越艰辛；再不学习，自己就会越来越嫌弃自己；再不学习，自己屁都不是！丫的！连这种简单的书都不看懂这种简单的题你都看不懂！你混个屁啊！踏踏实实在知识养分中壮大自己吧！我要学习！我要考验！重大树洞举证！！', 1, 0, NULL),
(1180, 1, 1365902148, 2002252927, '出售考研系列书一套，重庆事业单位及重庆公务员书一套（可用于下半年考试），几乎全新，价格优惠，先到先得。', 1, 0, NULL),
(1181, 1, 1365904154, 1971854933, '总是不知到为什么就突然心情不好了。快乐和难过之间，没有任何过渡。我是抑郁了嘛?怎样才能让自己变得积极向上起来?不想再因为自己抑郁，影响到好朋友的心情。', 1, 0, NULL),
(1182, 1, 1365904728, 1905136051, '谁说我们班小五是傻缺的……艹……', 1, 0, NULL),
(1183, 1, 1365905378, 3549117462, '双子杠上双子。也不知道错过的是爱情还是友情。说喜欢你是真的。可是你却不明白。因为我总在开玩笑，因为我们都怕受伤害。走吧，一起去看分手合约。', 1, 0, NULL),
(1184, 4, 1365906718, 2059534654, '从今以后、好好对自己，好好去生活。', 1, 0, NULL),
(1185, 1, 1365908390, 2073294173, '瞬间觉得同性才是真爱啊…爱啊…啊！', 1, 0, NULL),
(1186, 6, 1365909207, 2073474667, '不想冷战，想你', 1, 0, NULL),
(1187, 1, 1365911219, 1905136001, '哎，又荒废了一个早上，话说室友都去上自习回来了，我还没起床，晚上高数怎么破', 1, 0, NULL),
(1188, 1, 1365911680, 1905136001, '城环的阮梦颖，就算你有男朋友了，我还是会喜欢你！我等你！！！', 1, 0, NULL),
(1189, 6, 1365911812, 2073474665, '异地的感觉真不好，但是要坚持', 1, 0, NULL),
(1190, 1, 1365912080, 708709010, 'Indicate. Loud Oval Victory Evaluation. Youth Over Under. Baeutiful Unite Nation Night Year. ', 1, 0, NULL),
(1191, 4, 1365913585, 1971856142, '吴珊。我爱你。', 1, 0, NULL),
(1192, 4, 1365913875, 2045052729, '小四是白痴，哈哈哈！！', 0, 0, NULL),
(1193, 1, 1365915092, 3662086118, '据说林子大了啥鸟都有，尚景林学长你呢~~~mua', 1, 0, NULL),
(1194, 1, 1365915157, 3662086043, '黄凡凡。。。你越来越乖了，每天都在偷偷地看着你。。。', 1, 0, NULL),
(1195, 1, 1365915820, 1905136045, '成梦旅，我们公开把，我受不了了。', 1, 0, NULL),
(1196, 1, 1365916155, 3662086072, '黄凡凡快点长大  ！  哈哈哈', 1, 0, NULL),
(1197, 1, 1365916645, 2073036353, 'bc，我爱你\n', 0, 0, NULL),
(1198, 1, 1365917280, 1905136045, '家穷人丑成绩差，肿么破。', 1, 0, NULL),
(1199, 1, 1365919045, 3662086044, '会弹钢琴会唱歌的妹子快到盆里来！！！', 1, 0, NULL),
(1200, 1, 1365919261, 2071807805, '什么情况？', 1, 0, NULL),
(1201, 6, 1365920174, 2073474667, '老公，我好想你', 1, 0, NULL),
(1202, 6, 1365921236, 1033172046, '无法回头的事情很多，分手后的经历却又更多。', 1, 0, NULL),
(1203, 1, 1365925488, 3025511519, '有时候，孤单很可怕，让我喘不过来气；可是，有时候又很享受孤单。当我有时候看到别人身边都有个人陪的时候，我在想，什么时候我会有个人在我身边陪着我走。可能大学教给我的，不仅仅是知识，更是让我知道该怎么独立。。。', 1, 0, NULL),
(1204, 4, 1365929109, 3027231323, '岭爷天下第一高富帅。淮安少庄主。', 1, 0, NULL),
(1205, 4, 1365930026, 2045052468, '琛哥天下第一骚男！！！山东青岛牛逼！！！', 1, 0, NULL),
(1206, 4, 1365930341, 2045052468, '亲爱滴于雯是个有点漂亮的柔软的小胖子！！！hiahiahia，不过都不是你们滴！！！', 1, 0, NULL),
(1207, 4, 1365930716, 3730778872, '？？？', 1, 0, NULL),
(1208, 4, 1365931278, 2059534657, '最近那么倒霉。。英语二专考试再不让我过说不去了啊啊啊啊！！', 1, 0, NULL),
(1209, 4, 1365931281, 2053044328, '呵呵', 1, 0, NULL),
(1210, 4, 1365931293, 3663628650, '等待那个一眼将我忘穿的人。', 1, 0, NULL),
(1211, 4, 1365931337, 826991201, '朱明洋是南农会计第一帅！', 1, 0, NULL),
(1212, 4, 1365931357, 1971856148, '4.14 黑色情人节 又怎样。。', 1, 0, NULL),
(1213, 4, 1365931774, 987072838, 'Life sucks!!!', 1, 0, NULL),
(1214, 4, 1365931796, 1971856148, '我不等你了。。。\n', 1, 0, NULL),
(1215, 6, 1365931925, 3548912785, '亲爱的们 一天不见 有没有想念我啊 m\n', 1, 0, NULL),
(1216, 4, 1365931943, 3027168712, '我知道你有男友了,所以我要告诉他,想要接受挑战吗?', 1, 0, NULL),
(1217, 4, 1365932188, 826407677, '陈杨美爆了！', 1, 0, NULL),
(1218, 1, 1365932351, 2073293886, '城环的小唐灏，又在篮球场上看到你了，什么时候你也能看到我。。。=_=', 1, 0, NULL),
(1219, 1, 1365933642, 1905136034, '城环是不是有很多漂亮妹子啊？每天都能看到城环妹子告白书', 1, 0, NULL),
(1220, 1, 1365933887, 1971854927, '东北菜999包间，某毕业季学长@胡钦瑜 生日，在最后的青春时光里，诚邀一名单身女性，共赴生日聚会，10级及以下年级学妹均可。欲来从速，回帖联系。', 1, 0, NULL),
(1221, 1, 1365934427, 3662086119, '城环的冉依灵，就算你有男朋友了我还是想问你，你能接受女孩吗？我等你！', 1, 0, NULL),
(1222, 4, 1365934600, 987072838, '多知足，多充实才能不去期待？让现在拥有的值得珍惜？', 1, 0, NULL),
(1223, 1, 1365934965, 3662086125, '我今天在小哥乐看到一个妹子，齐刘海，传着黑皮衣，浅蓝色牛仔裤，背着个深蓝色的包包。当时点了个辣子鸡盖饭。一米五几差不多一米六的样子，听口音是南方妹子啊，回来想了一个下午了。唉，可惜当时没勇气搭讪啊。', 1, 0, NULL),
(1224, 1, 1365935921, 1971854917, '过了好久终于发现，自己太过理想化了！等你？！？不等？！？！！！！！', 1, 0, NULL),
(1225, 1, 1365937191, 3074441469, '这尼玛什么东西？', 1, 0, NULL),
(1226, 4, 1365937870, 987203767, '你个坏蛋，挡在我面前要可爱多，生怕我不给你是吧。:-P', 1, 0, NULL),
(1227, 4, 1365938045, 987072840, '..', 1, 0, NULL),
(1228, 4, 1365938463, 1879310896, '温洋子，南农会计的萌妹纸，小清新。', 0, 0, NULL),
(1229, 4, 1365938468, 1879310896, '温洋子，南农会计的萌妹纸，小清新。', 0, 0, NULL),
(1230, 4, 1365938483, 1879310896, '温洋子，南农会计的萌妹纸，小清新。', 0, 0, NULL),
(1231, 4, 1365938493, 1879310896, '温洋子，南农会计的萌妹纸，小清新。', 0, 0, NULL),
(1232, 4, 1365938508, 1879310896, '温洋子，南农会计的萌妹纸，小清新。', 0, 0, NULL),
(1233, 4, 1365938578, 1879310896, '温洋子，南农会计第一萌妹纸，小清新。', 1, 0, NULL),
(1234, 4, 1365938679, 3730780617, '“你什么时候开始喜欢我的？”“不知道 只是有一天起来 看你身边不管男女都觉得是情敌 我就知道 我没救了”', 1, 0, NULL),
(1235, 4, 1365940137, 1927165428, '我想说，我想说，我想说。。。。。。其实并不想做个单身的妹子，只是，没找到合适的，也没等到合适的。什么时候能有人知道御姐心里的不安。单身的时候，努力做最好的自己，留给未来的他看。W大~', 1, 0, NULL),
(1236, 4, 1365940521, 987203637, '欸？实时匿名的意思是。。木有主页君咩？', 1, 0, NULL),
(1237, 4, 1365940686, 2006180181, '风吹我无长发，思绪再回从前，缘来情生，缘去情灭', 1, 0, NULL),
(1238, 1, 1365941727, 3662086060, '又想学画画了，男', 1, 0, NULL),
(1239, 1, 1365941913, 2073268408, '封雪，其实我等你很久了', 1, 0, NULL),
(1240, 1, 1365942221, 3662086133, '今天回学校，没有等到我想要的，可能你那天就是说说而已吧。我确实当真的了。魂淡！！！！！', 1, 0, NULL),
(1241, 1, 1365944075, 1905136057, '够小龙是sb\n', 1, 0, NULL),
(1242, 1, 1365945306, 3736571780, '运动会。。。我真的。。。错得那么…………？？？\n', 1, 0, NULL),
(1243, 4, 1365945639, 987203644, '你到底在想什么。不要再折磨我了。', 1, 0, NULL),
(1244, 1, 1365945960, 2102665878, '符楠 好帅 好喜欢你！！！！！！！！！！！', 1, 0, NULL),
(1245, 1, 1365947110, 1905136032, '阮明淮，我希望你有朝一日冠上我的姓，而不是阮，我永远等你。', 1, 0, NULL),
(1246, 1, 1365947785, 3662086027, '嘿嘿 ，或许是缘分，每天都能不经意的碰到，不过屌丝就是屌丝，始终找不到能一直聊下去的话题，总会有那么一会的冷场，然后问一些弱智加白痴的问题', 1, 0, NULL),
(1247, 1, 1365948258, 1905136032, '城环的段汝贤，你好帅啊！！！', 1, 0, NULL),
(1248, 1, 1365948725, 1905136032, '虽然你不曾与我款款而望，但你在球场上的身影已经深深地烙印在了我的眼眸。虽然你不曾听过我的喃喃细语，但你那富有深沉的雄厚之声已经萦绕在我的耳畔。郑明淮，我等你，纵使海枯石烂，纵使山无棱，天地合。', 1, 0, NULL),
(1249, 1, 1365950047, 1905136075, '建管学院的胡家豪同学，我注意你很久了。。。我有心，你有意吗？', 1, 0, NULL),
(1250, 4, 1365952995, 987203677, '哈哈，我是值保113', 1, 0, NULL),
(1251, 4, 1365953368, 987203677, '哈哈我是植保院舟宝宝！！！', 1, 0, NULL),
(1252, 4, 1365953473, 1971856144, '图书馆的情侣可不可以低调点，学习还要搂在一起，讲题还要贴脸。。紫色的男人。。', 1, 0, NULL),
(1253, 4, 1365953795, 1971856158, '其实很简单，其实很自然', 1, 0, NULL),
(1254, 1, 1365954676, 1971854918, '水本无忧，因风起皱。山本不老，为雪白头', 1, 0, NULL),
(1255, 1, 1365955301, 1905136038, '城环的人今天打鸡血了？', 1, 0, NULL),
(1256, 1, 1365955383, 2102508916, '君生我未生，我生君已老。', 1, 0, NULL),
(1257, 1, 1365955664, 1905136014, '生是土木人', 1, 0, NULL),
(1258, 1, 1365955897, 3074441469, '土木男想找个建院男朋友……', 1, 0, NULL),
(1259, 4, 1365956340, 987203645, '哪个亲来分享下分手合约哪个情节戳中泪点～为毛老娘不仅没哭还笑地很欢呢= =', 1, 0, NULL),
(1260, 1, 1365956462, 2073294168, '茅笛，我想给你生baby。', 1, 0, NULL),
(1261, 1, 1365956466, 3754971313, '喜欢你妹啊！！NC又出女神照，只怪当初不努力，只怪上天不成全！', 1, 0, NULL),
(1262, 1, 1365956757, 1905136073, '长得太矮，比女神差了一点点，不甘心啊……', 1, 0, NULL),
(1263, 1, 1365956763, 1905136078, '暑假怎么玩嘛？', 1, 0, NULL),
(1264, 1, 1365956832, 3698575386, '真的要上我托才可以啊', 1, 0, NULL),
(1265, 1, 1365956858, 2073293877, '害怕以后我们的生活又少有交集，害怕我以后又要找各种借口去烦你。', 1, 0, NULL),
(1266, 1, 1365956865, 1905135993, '好累啊啊啊  各种满课作业考试实验报告 想有一个自由自在的假期 睡睡懒觉  出去玩   ', 1, 0, NULL),
(1267, 1, 1365956865, 3662086027, '周末过得也太闲了什么都没做= =恢复好状态！晚安啦', 1, 0, NULL),
(1268, 1, 1365956882, 3402238456, '肖桢梓，你知道我在想你么？我已经很久没有这样想念一个男生了！哥真的很想你！', 1, 0, NULL),
(1269, 1, 1365956934, 2073036353, 'bc，我爱你', 1, 0, NULL),
(1270, 1, 1365957058, 1905136109, 'ZZQ，我想给你生baby', 1, 0, NULL),
(1271, 1, 1365957112, 1905136093, 'yx', 1, 0, NULL),
(1272, 1, 1365957180, 1905135993, '其实我宁愿你不那么好\n\n得不到也好\n\n其实我们专喜爱得不到的  \n\n手松点也好 ', 1, 0, NULL),
(1273, 1, 1365957436, 1905136093, '肿么办 肿么办。。再这样下去我会喜欢女生的。。。', 1, 0, NULL),
(1274, 1, 1365957500, 2073294099, '不想留下遗憾总小心翼翼觉得谨慎却麻痹神经。不知道什么时候会向前一步或是退后一步。It''s such a dilemma.', 1, 0, NULL),
(1275, 1, 1365957611, 3402238460, '我就是爱土木男！！！土木男！！！', 1, 0, NULL),
(1276, 1, 1365957653, 2073294198, '草，这么晚了', 1, 0, NULL),
(1277, 1, 1365958014, 3402238460, '其实我讨厌工科屌丝男', 1, 0, NULL),
(1278, 1, 1365958052, 1945036375, '曾维希我爱你！做我女朋友我们一起学霸吧！！', 1, 0, NULL),
(1279, 1, 1365958719, 2073294198, '什么时候我的生命中出现个美女啊', 1, 0, NULL),
(1280, 1, 1365958744, 1971854925, '得不到的永远觉得是最好的，得到的永远不会珍惜！', 1, 0, NULL),
(1281, 1, 1365959044, 2073474932, '材料男人要找个土木的男人。哈哈，树洞真是个邪恶的东西啊！！！', 1, 0, NULL),
(1282, 1, 1365959057, 1971854926, '我内心困苦，啊啊啊啊啊啊啊啊啊啊啊啊', 1, 0, NULL),
(1283, 1, 1365959685, 3074441469, '如果和他说了，会不会连朋友都不能做了。', 1, 0, NULL),
(1284, 1, 1365960737, 2073294109, '放心，不要纠结了，不是你的就不是你的！', 1, 0, NULL),
(1285, 1, 1365961010, 1905136065, '土木最帥不過单正英', 1, 0, NULL),
(1286, 4, 1365962409, 2059535009, '失眠啊，好想念舍友的菊花', 1, 0, NULL),
(1287, 1, 1365962988, 708708997, '你睡了吗，我好想你。罗祺月，不要再喜欢他了，我一直在你身边。明天大化课见。', 1, 0, NULL),
(1288, 1, 1365963197, 1971854913, '我是土木男！！！！', 1, 0, NULL),
(1289, 1, 1365965867, 3736210169, '我不信任你。', 1, 0, NULL),
(1290, 1, 1365967344, 1905135969, '睡不着怎么办呢', 1, 0, NULL),
(1291, 4, 1365971029, 987203665, '就这样吧。谢谢你。对不起。', 1, 0, NULL),
(1292, 1, 1365980567, 2103002581, '王伯禹学长你不要找女朋友！等我！', 1, 0, NULL),
(1293, 1, 1365980675, 3074441469, '想你。整夜未眠。', 1, 0, NULL),
(1294, 4, 1365981343, 2059535208, '我不想我不想不想查操。。。', 0, 0, NULL),
(1295, 4, 1365981356, 2059535208, '我不想我不想不想查操。。。', 1, 0, NULL),
(1296, 4, 1365983586, 987203636, '贱人就是矫情，一天到晚装什么装，不就是个团长么', 1, 0, NULL),
(1297, 1, 1365984611, 2031002192, '@青岛某人。之前会很矫情地想你，甚至梦见你。这几天我们没说话，可是感觉心里有些放不下。', 0, 0, NULL),
(1298, 1, 1365984627, 2031002192, '@青岛某人。之前会很矫情地想你，甚至梦见你。这几天我们没说话，可是感觉心里有些放不下。', 0, 0, NULL),
(1299, 1, 1365984722, 1971851665, '@青岛某人。之前会很矫情地想你，甚至梦见你。这几天我们没说话，可是感觉心里有些放不下。', 0, 0, NULL),
(1300, 1, 1365984729, 1971851665, '@青岛某人。之前会很矫情地想你，甚至梦见你。这几天我们没说话，可是感觉心里有些放不下。', 0, 0, NULL),
(1301, 1, 1365984749, 1971851665, '@青岛某人。之前会很矫情地想你，甚至梦见你。这几天我们没说话，可是感觉心里有些放不下。', 0, 0, NULL),
(1302, 1, 1365984759, 1971851665, '@青岛某人。之前会很矫情地想你，甚至梦见你。这几天我们没说话，可是感觉心里有些放不下。', 0, 0, NULL),
(1303, 4, 1365984844, 987203677, '老师说对于得到一样事物得到的幸福感一般是两个月，我觉得我最多一个星期。-_-#我一定是个喜新厌旧的人。', 1, 0, NULL),
(1304, 6, 1365985573, 2073474739, '树洞~快给或或个男人吧！！！', 1, 0, NULL),
(1305, 1, 1365985634, 3549117459, '如果你给我跟给别人的一样。那我宁愿不要。', 1, 0, NULL),
(1306, 1, 1365985750, 2002252921, '你是否正在将我遗忘，不然你怎会如此频繁的出现在我梦里。', 1, 0, NULL),
(1307, 1, 1365985926, 1905135943, 'sivona~\n当我第一次见你，\n在昏暗的走廊里\n人群里\n我只能看见你\n wuwuwu,Is this love\nis this love', 1, 0, NULL),
(1308, 1, 1365985993, 1971854926, '198你好帅！！', 1, 0, NULL),
(1309, 1, 1365987293, 1905136046, '每月总有那么三十几天不想上课', 1, 0, NULL),
(1310, 1, 1365988205, 2073293877, '我是个死胖子', 1, 0, NULL),
(1311, 4, 1365988628, 3026401678, '？？？？？？', 1, 0, NULL),
(1312, 4, 1365989685, 2059534766, '呆逼', 1, 0, NULL),
(1313, 1, 1365989698, 1905136073, '每个星期一都真想睡觉啊………生物钟完全乱了…………', 1, 0, NULL),
(1314, 1, 1365990660, 3662086059, '我终于明白，对我而言，爱你不如爱自己。', 1, 0, NULL),
(1315, 4, 1365990953, 987203774, 'MD今天早读又见到贱人了，真心倒大霉，害得我都不能和我MM打招呼了。', 1, 0, NULL),
(1316, 1, 1365991113, 2073293875, '你能明白 只要一想起某个人，心就会絞着疼的那种感觉吗?', 1, 0, NULL),
(1317, 1, 1365991247, 3662086115, '一群无聊的人', 1, 0, NULL),
(1318, 1, 1365991501, 2073294201, '松一跟松七异地恋不长久啊。他成天跟别的男人睡在一起我的心都要碎了。', 1, 0, NULL),
(1319, 1, 1365991604, 3662086115, '发现自己是Gay，觉得很恶心，我不想当Gay，为什么不能喜欢上一个女生', 1, 0, NULL),
(1320, 1, 1365993159, 2002250353, '太阳跳出了东海~跳出了东海~~~', 1, 0, NULL),
(1321, 1, 1365995119, 2002252921, '在不久的选课中 望学弟学妹们误选蔡以强的商务英语翻译的英语提高课 学长学姐已经给你们当炮灰了 ', 1, 0, NULL),
(1322, 1, 1365999787, 3662086115, '不登陆也能发，实验完毕', 1, 0, NULL),
(1323, 4, 1366000355, 2059535355, '或许，断了你的联系，我才不会依赖。', 1, 0, NULL),
(1324, 4, 1366001199, 987203638, '其实我男朋友也是清华的。嘿嘿。。。。。。。', 1, 0, NULL),
(1325, 4, 1366001627, 987203693, '呵呵。男朋友清华？我的那些朋友还有清华北大中央财经中国政法人民大学首经贸中国地质的呢。人家清华不是你清华。别不知道自己是谁了。', 1, 0, NULL),
(1326, 4, 1366001751, 988826348, '呵呵呵呵，原来我实话实说也叫婊子了，还是我三年的好朋友。。。我真是无话可说了，，，呵呵', 1, 0, NULL),
(1327, 1, 1366002794, 1971854941, '楼下那位兄台好机智啊，真是令人佩服！', 1, 0, NULL),
(1328, 1, 1366002979, 3662086058, '啧啧', 1, 0, NULL),
(1329, 1, 1366003293, 3737558957, '后悔了。', 1, 0, NULL),
(1330, 4, 1366006100, 1879310864, '金融院第一萌妹纸茉莉今天穿的像挤奶工、大家可以在下午两节课的时候到教学楼B310围观、', 1, 0, NULL),
(1331, 4, 1366006507, 987072839, '有人在宿舍养了一株芦荟，说是要把它养大了，然后各种美容用。。。。。', 1, 0, NULL),
(1332, 4, 1366006733, 987203680, '阳光很暖，爱情很轻，想起你时笑容很浅。', 1, 0, NULL),
(1333, 4, 1366008157, 1971856137, '我想吃美满吉！！！', 1, 0, NULL),
(1334, 4, 1366010421, 1971856148, '南农有两个硕硕。一个大硕硕一个小硕硕。一个胖硕硕一个胖硕硕。一个硕爷一个硕逼。', 1, 0, NULL),
(1335, 4, 1366010523, 987203688, '我好饿＠_＠我已然陷入了春困和春饿交替的困境！！饿的时候好想找个男捧友一起去吃好吃的啊。', 1, 0, NULL),
(1336, 6, 1366011829, 3402379234, '据说……男生宿舍的整洁程度跟女生宿舍差不多…………', 1, 0, NULL),
(1337, 1, 1366013148, 3662086036, '我本来以为分手合约叻个电影可以治愈你哩心事、让你开心点、别卅子都闷在心头卅、、、现在看来是越帮越忙了吗唉弄巧成拙啊-_-#', 0, 0, NULL),
(1338, 1, 1366013166, 3662086036, '我本来以为分手合约叻个电影可以治愈你哩心事、让你开心点、别卅子都闷在心头卅、、、现在看来是越帮越忙了吗唉弄巧成拙啊-_-#', 1, 0, NULL),
(1339, 1, 1366013285, 3662086038, 'ABCD\n', 1, 0, NULL),
(1340, 4, 1366013912, 987203642, '我想见你，可是我不会开口要求见你。因为唯有你也想见我的时候，我们的见面才有意义。', 1, 0, NULL),
(1341, 6, 1366014249, 3402379262, '话说这个树洞是什么呀 匿名发表各种不靠谱言论么？', 1, 0, NULL),
(1342, 4, 1366016578, 988826349, '你怎么不回我？？？？', 1, 0, NULL),
(1343, 6, 1366016827, 2093948727, '苏小鑫是萌妹纸~~~~~~~~~', 1, 0, NULL),
(1344, 6, 1366019100, 3402379160, '刘彧杉是谁啊？居然被我女神看上了！！！', 1, 0, NULL),
(1345, 6, 1366019885, 2073474703, '晚上还要上课，尼玛！！！', 1, 0, NULL),
(1346, 6, 1366020571, 3402379159, '岐黄2班的孙玥真是全能选手啊。。。', 1, 0, NULL),
(1347, 1, 1366022434, 3662086133, '我不知道为什么你要这么说，你这么说我真的很想哭。差点就哭出来了。你有必要么。', 1, 0, NULL),
(1348, 1, 1366023541, 3662086133, '你知道么。你特么的就是个魂淡。你觉得你自己说的很轻松，但是你有想过我的感受么。你真的一点情商都没有，你这样说有意思么。直接说要死啊。你知不知道我现在心里面堵得慌。你知不知道一天的好心情就被你破坏的了。你把老子想成什么人了。我艹！我去你买了个彪！你以为是怎么样啊。你说啊。！你倒是说啊！', 1, 0, NULL),
(1349, 4, 1366024038, 987203673, '今天你让我受的委屈，明天你要怎么弥补？你真的觉得可以弥补么？可惜你不懂…', 1, 0, NULL),
(1350, 1, 1366024568, 1905136033, '夏小勇，你弟弟夏小敢怀孕了', 1, 0, NULL),
(1351, 1, 1366024722, 3662086028, '把妹哥的妹子怎么这么多', 1, 0, NULL),
(1352, 6, 1366025873, 1033171528, '坐不住了，彧杉是姐的，谁也别跟我抢！！！', 1, 0, NULL),
(1353, 1, 1366027661, 1905136030, '建管学院的郭培培同学，自从那次上选修课遇上你，我就再也无法忘记你容颜……你有男朋友们吗？可以考虑我一下吗？', 1, 0, NULL),
(1354, 6, 1366027864, 2073474941, '最近白楼无线怎么总是断呢T_T', 1, 0, NULL),
(1355, 1, 1366027880, 1905136028, '之前那条是假的～', 1, 0, NULL),
(1356, 6, 1366028118, 1033171552, '有人能帮忙在女屌宿舍楼弄无线路由么…怎么都不成功啊摔！', 0, 0, NULL),
(1357, 6, 1366028148, 1033171552, '有人能帮忙在女屌宿舍楼弄无线路由么…怎么都不成功啊摔！', 1, 0, NULL),
(1358, 6, 1366028419, 3402379204, '鸡肚婆', 1, 0, NULL),
(1359, 6, 1366028752, 2093948789, '好喜欢温碧霞', 1, 0, NULL),
(1360, 6, 1366028773, 2093948714, '好喜欢温碧霞', 1, 0, NULL),
(1361, 1, 1366030995, 1905136037, '上一个生日我的告白半途夭折 这次的告白你 看到了吗 我 爱 你', 1, 0, NULL),
(1362, 1, 1366033319, 977509697, '只要经历过一次就够了。\n', 1, 0, NULL),
(1363, 6, 1366034249, 3402379256, '女生宿舍什么时候有无线啊', 1, 0, NULL),
(1364, 6, 1366034263, 3402379180, '我需要一个男友', 1, 0, NULL),
(1365, 1, 1366035862, 3074441468, '我想问那个在重大女生幸福不幸福里，一分四十八秒那个说兰园小姑娘随便看的东北妹子是谁，看着好可爱的样子', 1, 0, NULL),
(1366, 6, 1366036162, 1928701013, '你是什么东西？？？', 1, 0, NULL),
(1367, 6, 1366036596, 3402379260, '特别想自己发出去的是匿名，别人的能知道是谁发的 - - 呵呵。。。', 1, 0, NULL),
(1368, 6, 1366036651, 3402379165, '坏情绪去死吧\n', 1, 0, NULL),
(1369, 1, 1366038035, 3402291210, '缅甸有这么一个传说：有一条恶龙，每年要求村庄献祭一个处女，每年这个村庄都会有一个少年英雄去与恶龙搏斗，但无人生还。又一个英雄出发时，有人悄悄尾随。龙穴铺满金银财宝，英雄用剑刺死恶龙，然后坐在尸身上，看着闪烁的珠宝，慢慢地长出鳞片、尾巴和触角，最终变成恶龙。————换点口味', 1, 0, NULL),
(1370, 1, 1366038281, 3662086115, '有没有热爱哲学和历史学的朋友，希望能交流下，我想跨专业考研。', 1, 0, NULL),
(1371, 1, 1366038625, 3708417828, 'G。。', 1, 0, NULL),
(1372, 6, 1366038835, 3402379201, '哥只看三级片不看A片，三级片太唯美了，刘硕如是说', 1, 0, NULL),
(1373, 1, 1366039290, 1971851665, '家这边今夜好大的雷雨！！！真心怕！！求安慰！！！', 1, 0, NULL),
(1374, 1, 1366039692, 1971851665, '喜欢青岛的某个高个子。尼玛，关键是咱俩又不可能！！！成天调戏来调戏去，还是隔着性别的距离和空间的距离！！次奥！！心有不甘，但也无奈！！', 1, 0, NULL),
(1375, 1, 1366039863, 3662086033, 'Uh ha~ Seven days passed. I asked myself. The answer is...... I still....... ', 1, 0, NULL),
(1376, 1, 1366039935, 708709016, 'Uh ha~ Seven days passed. I asked myself. The answer is...... I still....... ', 1, 0, NULL),
(1377, 1, 1366040386, 1971851665, '想约个好基友神马的一起去西安。', 1, 0, NULL),
(1378, 4, 1366040849, 3074441468, '好讨厌啊，不要骗我，千里之外的谎言。', 1, 0, NULL),
(1379, 1, 1366041166, 2073293861, '今天才知道有树洞这个东西～那就利用一番吧～我是建管的一名工科男，我有点建管造二的黄鑫彤～有不有人帮帮我，也帮帮我告诉她嘛～\n', 1, 0, NULL),
(1380, 1, 1366041678, 1971851665, '周柄臣，尼玛欠我的饭~再不请我吃，我就吃了你，', 1, 0, NULL),
(1381, 1, 1366041688, 1905136034, '有太多的错误、、回到正轨的时候、、才发现、、我已经失去了拥有幸福的资格、、祝你好好幸福', 1, 0, NULL),
(1382, 1, 1366041870, 2102509336, '我是土木DCY、我喜欢建管LLY！！！！！！！！！！！！！！！！！！！！！！！！', 1, 0, NULL),
(1383, 1, 1366041974, 2102509319, '咩，你又忙，晚安 ', 1, 0, NULL),
(1384, 1, 1366042022, 1905136097, '有谁能够告诉我 白天树洞的更新肿么不显示在人人上呀o>_<o', 1, 0, NULL),
(1385, 1, 1366042050, 3402239013, '每天这个点儿，大家就骚动了，来来来，说说各自学院的美女都有谁~', 1, 0, NULL),
(1386, 1, 1366042236, 3549117462, '杨星星！你的眼睛好漂亮！', 1, 0, NULL),
(1387, 1, 1366042250, 1905135999, '其实心里很不是滋味，但我又能做什么，一直都如此胆小，只能看到幸福从身边溜走', 1, 0, NULL),
(1388, 1, 1366042347, 2073294177, '每天树洞都集中到这个时候爆发，这是断网的寂寞？', 1, 0, NULL),
(1389, 1, 1366042359, 2073294179, '谷羽峰        爱情是要感觉的       没有感觉是不可能的', 1, 0, NULL),
(1390, 6, 1366042466, 30093120, '赵正阳，晚安！', 1, 0, NULL),
(1391, 1, 1366042588, 1912258887, '付修远，我已经把孩子打了。你安心做你的学生会主席吧！', 1, 0, NULL),
(1392, 1, 1366042610, 2073538286, '作为一个资深人人控，表示要收心了，for the future', 1, 0, NULL),
(1393, 1, 1366042709, 3402239013, '周新奕是大傻逼', 1, 0, NULL),
(1394, 1, 1366042726, 1893745461, '我希望以后的女朋友能成为我的妻子，而且我不希望我和她是因为外貌的吸引而搭讪认识的，而是希望我们是相熟的朋友，在某个很普通的日子里，我因为她一个简简单单的动作或者一句话而爱上了她。', 1, 0, NULL),
(1395, 1, 1366043035, 1940411578, '当初在课上在书桌下和我牵着手的两个人，现在也成了遇到时给我递过来一支烟的人，还有只能并肩走的人。我知道那不是爱情，可是好怀念。', 1, 0, NULL),
(1396, 1, 1366043208, 3402291210, '曦姐姐。。小粉菊。。', 1, 0, NULL),
(1397, 1, 1366043394, 1971854922, '分手的话，如何开口。', 0, 0, NULL),
(1398, 1, 1366043412, 1971854922, '分手的话，如何开口。', 1, 0, NULL),
(1399, 6, 1366043417, 1033171752, '贱人化成灰都是贱人', 0, 0, NULL),
(1400, 6, 1366043432, 1033171752, '贱人化成灰都是贱人', 1, 0, NULL),
(1401, 1, 1366043447, 3736571375, '今晚上好开心好开心~\\(≧▽≦)/~谁说女汉子没人搭来着，当然电影和吃的更棒~只是这种进度着实捉急顺其自然吧......', 1, 0, NULL),
(1402, 1, 1366043469, 3549117462, '巴主席！红霞女神哪里不好了！你怎么还不表白！你不要这么怂好不好！怂是病！得治！', 1, 0, NULL),
(1403, 1, 1366043566, 1905136039, '我只是想谈一场恋爱，不去想成绩和工作，不去在乎别人的眼光，不去担心未来未出现的问题。只是你和我在一起，开心就好的一场恋爱。', 1, 0, NULL),
(1404, 1, 1366043893, 3074441468, '周柄臣……我也要饭~~不然我也吃了你……', 1, 0, NULL),
(1405, 1, 1366043900, 2073538286, '这周我终于知道我爱的是哪个了，等了3年的女孩终究只是一个过客，一切都是过去，为了一切的一切平静下心，安心读书，如果一年后还能有缘，不管平时我多爱开玩笑，我一定追你，即便失败', 1, 0, NULL),
(1406, 1, 1366043928, 1905136034, '心空,想忙起来。。 。', 0, 0, NULL),
(1407, 1, 1366043961, 2102508108, '夜深人静的时候。。总是会思念你。。杨星星。。', 1, 0, NULL),
(1408, 1, 1366044028, 3549117462, '喜欢的人不喜欢我真的好忧伤！！', 1, 0, NULL),
(1409, 1, 1366044034, 2002252925, '出售考研，公务员书（重庆）', 1, 0, NULL),
(1410, 1, 1366044069, 1971854936, '哈哈 猜猜我真爱是谁', 0, 0, NULL),
(1411, 1, 1366044083, 1971854936, '哈哈 猜猜我真爱是谁', 0, 0, NULL),
(1412, 1, 1366044090, 1971854936, '哈哈 猜猜我真爱是谁', 0, 0, NULL),
(1413, 1, 1366044189, 2102508098, '经历过这么多女人，突然发现我好像是，喜欢男的了⊙_⊙', 0, 0, NULL),
(1414, 1, 1366044201, 2102508098, '经历过这么多女人，突然发现我好像是，喜欢男的了⊙_⊙', 0, 0, NULL),
(1415, 1, 1366044265, 977509704, '越弹越寂寞，，音乐也拯救不了我的寂寞，，难道只有使用右手了？？', 0, 0, NULL),
(1416, 1, 1366044406, 1971854936, '哈哈 猜猜我真爱是谁（有个妹子肯定知道是我发的）', 0, 0, NULL),
(1417, 1, 1366044408, 1905135978, '重庆的雨终于下出了雨天的味道。~ 果真是又矫情又别扭所以找不到以前对爱情的感觉了嘛。', 0, 0, NULL),
(1418, 1, 1366044416, 1971854936, '哈哈 猜猜我真爱是谁（有个妹子肯定知道是我发的）', 0, 0, NULL),
(1419, 1, 1366044512, 3720486543, '男 175 64公斤 有理想 对生活有规划 阳光乐观 无不良嗜好 喜欢电影美术及各种体育锻炼 待人真诚 体贴细心 略有小腹黑和重口味 希望结识一妹子共同度过大学美好时光 如有可能毕业之后更希望共同奋斗 非诚勿扰', 0, 0, NULL),
(1420, 1, 1366044525, 3720486543, '男 175 64公斤 有理想 对生活有规划 阳光乐观 无不良嗜好 喜欢电影美术及各种体育锻炼 待人真诚 体贴细心 略有小腹黑和重口味 希望结识一妹子共同度过大学美好时光 如有可能毕业之后更希望共同奋斗 非诚勿扰', 0, 0, NULL),
(1421, 1, 1366044551, 3720486543, '男 175 64公斤 有理想 对生活有规划 阳光乐观 无不良嗜好 喜欢电影美术及各种体育锻炼 待人真诚 体贴细心 略有小腹黑和重口味 希望结识一妹子共同度过大学美好时光 如有可能毕业之后更希望共同奋斗 非诚勿扰', 0, 0, NULL),
(1422, 1, 1366044552, 2073294097, '越弹越寂寞，，音乐也拯救不了我的寂寞，，难道只有使用右手了——邱麒元', 0, 0, NULL),
(1423, 1, 1366044556, 3720486543, '男 175 64公斤 有理想 对生活有规划 阳光乐观 无不良嗜好 喜欢电影美术及各种体育锻炼 待人真诚 体贴细心 略有小腹黑和重口味 希望结识一妹子共同度过大学美好时光 如有可能毕业之后更希望共同奋斗 非诚勿扰', 0, 0, NULL),
(1424, 1, 1366044566, 2073294097, '越弹越寂寞，，音乐也拯救不了我的寂寞，，难道只有使用右手了——邱麒元', 0, 0, NULL),
(1425, 1, 1366044596, 1971854936, '哈哈 猜猜我真爱是谁（有个妹子肯定知道是我发的）', 0, 0, NULL),
(1426, 1, 1366044605, 1971854936, '哈哈 猜猜我真爱是谁（有个妹子肯定知道是我发的）', 0, 0, NULL),
(1427, 1, 1366044610, 2073294160, '我决定要黑一个人！万余粮！你真的很挫！昨天黑我了''现在我要黑回来！', 0, 0, NULL),
(1428, 1, 1366044616, 2073294160, '我决定要黑一个人！万余粮！你真的很挫！昨天黑我了''现在我要黑回来！', 0, 0, NULL),
(1429, 1, 1366044668, 1971851665, '冯旭东，我都暗恋你那么久了，今天你必须得告诉我——你准备什么时候跟我私奔！！！你准备什么时候给我生孩子！！！', 0, 0, NULL),
(1430, 1, 1366044686, 1971851665, '冯旭东，我都暗恋你那么久了，今天你必须得告诉我——你准备什么时候跟我私奔！！！你准备什么时候给我生孩子！！！', 0, 0, NULL),
(1431, 1, 1366044729, 2031002124, '冯旭东，我都暗恋你那么久了，今天你必须得告诉我——你准备什么时候跟我私奔！！！你准备什么时候给我生孩子！！！', 0, 0, NULL),
(1432, 1, 1366044744, 2031002124, '冯旭东，我都暗恋你那么久了，今天你必须得告诉我——你准备什么时候跟我私奔！！！你准备什么时候给我生孩子！！！', 0, 0, NULL),
(1433, 1, 1366044759, 2073294097, '越弹越寂寞，，音乐也拯救不了我的寂寞，难道只能使用右手了——邱麒元', 0, 0, NULL),
(1434, 1, 1366044763, 3720486543, '男 175 64公斤 有理想 对生活有规划 阳光乐观 无不良嗜好 喜欢电影美术及各种体育锻炼 待人真诚 体贴细心 略有小腹黑和重口味 希望结识一妹子共同度过大学美好时光 如有可能毕业之后更希望共同奋斗 非诚勿扰', 0, 0, NULL),
(1435, 1, 1366044767, 2073294160, '一分钟以前我要发一条黑万余粮的状态竟然发不了！万余粮！你的威慑力是有多大！！！\n', 0, 0, NULL),
(1436, 1, 1366044768, 2031002124, '冯旭东，我都暗恋你那么久了，今天你必须得告诉我——你准备什么时候跟我私奔！！！你准备什么时候给我生孩子！！！', 0, 0, NULL),
(1437, 1, 1366044769, 2073294097, '越弹越寂寞，，音乐也拯救不了我的寂寞，难道只能使用右手了——邱麒元', 0, 0, NULL),
(1438, 1, 1366044774, 1905135978, '重庆的雨终于下出了雨天的味道。~ 果真是又矫情又别扭所以找不到以前对爱情的感觉了嘛。', 0, 0, NULL),
(1439, 1, 1366044782, 2073294160, '一分钟以前我要发一条黑万余粮的状态竟然发不了！万余粮！你的威慑力是有多大！！！\n', 0, 0, NULL),
(1440, 1, 1366044792, 3720486543, '男 175 64公斤 有理想 对生活有规划 阳光乐观 无不良嗜好 喜欢电影美术及各种体育锻炼 待人真诚 体贴细心 略有小腹黑和重口味 希望结识一妹子共同度过大学美好时光 如有可能毕业之后更希望共同奋斗 非诚勿扰', 0, 0, NULL),
(1441, 1, 1366044798, 1905135978, '重庆的雨终于下出了雨天的味道。~ 果真是又矫情又别扭所以找不到以前对爱情的感觉了嘛。', 0, 0, NULL),
(1442, 1, 1366044889, 708709003, '我要转土木学院！！！罗祺月等着我！！！', 0, 0, NULL),
(1443, 1, 1366044903, 2073474767, '男 175 64公斤 有理想 对生活有规划 阳光乐观 无不良嗜好 喜欢电影美术及各种体育锻炼 待人真诚 体贴细心 略有小腹黑和重口味 希望结识一妹子共同度过大学美好时光 如有可能毕业之后更希望共同奋斗 非诚勿扰', 0, 0, NULL),
(1444, 1, 1366044921, 2073474767, '男 175 64公斤 有理想 对生活有规划 阳光乐观 无不良嗜好 喜欢电影美术及各种体育锻炼 待人真诚 体贴细心 略有小腹黑和重口味 希望结识一妹子共同度过大学美好时光 如有可能毕业之后更希望共同奋斗 非诚勿扰', 0, 0, NULL),
(1445, 1, 1366044966, 3720486543, '男 175 64公斤 有理想 对生活有规划 阳光乐观 无不良嗜好 喜欢电影美术及各种体育锻炼 待人真诚 体贴细心 略有小腹黑和重口味 希望结识一妹子共同度过大学美好时光 如有可能毕业之后更希望共同奋斗 非诚勿扰', 0, 0, NULL),
(1446, 1, 1366044968, 2073294160, '万余粮。这是我发的第三天黑你的状态。前两条发不了！这条还发不了只能说明你的威慑力太大！树洞都害怕！', 0, 0, NULL),
(1447, 1, 1366044982, 2073294160, '万余粮。这是我发的第三条黑你的状态。前两条发不了！这条还发不了只能说明你的威慑力太大！树洞都害怕！', 0, 0, NULL),
(1448, 1, 1366044986, 1905135978, '重庆的雨终于下出了雨天的味道。~ 果真是又矫情又别扭所以找不到以前对爱情的感觉了嘛。', 0, 0, NULL),
(1449, 1, 1366045097, 3720486543, '男 175 64公斤 有理想 对生活有规划 阳光乐观 无不良嗜好 喜欢电影美术及各种体育锻炼 待人真诚 体贴细心 略有小腹黑和重口味 希望结识一妹子共同度过大学美好时光 如有可能毕业之后更希望共同奋斗 非诚勿扰', 0, 0, NULL),
(1450, 1, 1366045136, 1971854921, '每天总有好多无奈。。', 0, 0, NULL),
(1451, 1, 1366045144, 1971854921, '每天总有好多无奈。。', 0, 0, NULL),
(1452, 1, 1366045164, 708709003, '好想转到土木学院！！这样天天都可以跟你一起上课了！罗祺月。。。', 0, 0, NULL),
(1453, 1, 1366045267, 3720486543, '男 175 64公斤 有理想 对生活有规划 阳光乐观 无不良嗜好 喜欢电影美术及各种体育锻炼 待人真诚 体贴细心 略有小腹黑和重口味 希望结识一妹子共同度过大学美好时光 如有可能毕业之后更希望共同奋斗 非诚勿扰', 0, 0, NULL),
(1454, 1, 1366045276, 3720486543, '男 175 64公斤 有理想 对生活有规划 阳光乐观 无不良嗜好 喜欢电影美术及各种体育锻炼 待人真诚 体贴细心 略有小腹黑和重口味 希望结识一妹子共同度过大学美好时光 如有可能毕业之后更希望共同奋斗 非诚勿扰', 0, 0, NULL),
(1455, 1, 1366045450, 3549117462, '给杨星星发状态的………至少……有……三个………不会……错的……至少……', 1, 0, NULL),
(1456, 1, 1366045682, 1971854939, '青春的爱情,有时因为灯光正好,而你恰好穿了一件我喜欢的外衣. 有时因为阳光正好,你给我带来了温馨的盒饭..有时因为灯光正好,你趁我不备轻轻吻下来. 因为我们真心喜欢而愿意彼此慢慢适应, 不过不够喜欢又为什么要给自己找借口. 愿你过得好,晚安.', 1, 0, NULL),
(1457, 1, 1366045740, 3720486543, '男 175 64公斤 有理想 对生活有规划 阳光乐观 无不良嗜好 喜欢电影美术及各种体育锻炼 待人真诚 体贴细心 略有小腹黑和重口味 希望结识一妹子共同度过大学美好时光 如有可能毕业之后更希望共同奋斗 非诚勿扰', 1, 0, NULL),
(1458, 1, 1366045785, 1905136097, '很温暖，但是我不敢完全放开自己去爱了。男人是不是得到了就都不珍惜了。又怕一直若即若离会消磨热情。什么时候开始这么在乎了，自己都没发现。第一段教会了我爱也教会了我自私和伤害。怕自己付出真心又确实被一点点打动。啊。。是个坏女人。。', 1, 0, NULL),
(1459, 1, 1366046409, 1905136075, '李贝尔学长好帅，一口把他吃掉', 1, 0, NULL),
(1460, 1, 1366046884, 3549117462, '我爱你。我恨你。', 1, 0, NULL),
(1461, 1, 1366047521, 3025523080, '我的QQ上有两个是对其隐身可见的，一个是佳哥，一个就是璐哥，我只是一个屌丝而已', 1, 0, NULL),
(1462, 1, 1366050331, 2102508893, '听歌随机播放到《尾戒》  在这个深夜才感觉  有些人不是说不想就不想   但就算这样  也得放下  得不到的  永远是最好的', 1, 0, NULL),
(1463, 1, 1366057150, 3074441468, '分手是爱情的延续', 1, 0, NULL),
(1464, 6, 1366066654, 3402379229, '早睡早起身体好。。yeah!!', 1, 0, NULL),
(1465, 6, 1366069961, 3402379215, '有人想跟葛明立搭讪哦', 1, 0, NULL),
(1466, 6, 1366072118, 3402379234, '好像很神奇哦呵呵', 1, 0, NULL),
(1467, 6, 1366073954, 3402379256, '这玩意儿貌似很高级？！', 1, 0, NULL),
(1468, 1, 1366074413, 1971851665, '冯旭东，我都暗恋你那么久了，今天你必须得告诉我——你准备什么时候跟我私奔！！！你准备什么时候给我生孩子！！！', 1, 0, NULL),
(1469, 1, 1366074876, 1905135964, '兄弟如手足，女人如衣服，哥们七手八脚裸奔好几年了有木有！！', 1, 0, NULL);
INSERT INTO `record` (`record_id`, `hollow_id`, `record_time`, `record_ip`, `record_data`, `record_state`, `record_error_code`, `record_error_msg`) VALUES
(1470, 6, 1366075550, 3548912821, '我来啦！！！我在7教 m', 1, 0, NULL),
(1471, 1, 1366077625, 1971854941, '四郎，嬛嬛想你了•〜', 1, 0, NULL),
(1472, 4, 1366078713, 2059535209, '昨天晚上梦见考英语了，果然我在光明正大的作弊哈哈哈', 0, 0, NULL),
(1473, 4, 1366078718, 2059535209, '昨天晚上梦见考英语了，果然我在光明正大的作弊哈哈哈', 0, 0, NULL),
(1474, 1, 1366078818, 2073294082, '记得校车小', 0, 0, NULL),
(1475, 6, 1366078844, 2073474763, '试试～', 1, 0, NULL),
(1476, 1, 1366078852, 2073294082, '记得校车站下陪我抽得那根中南海吗？', 1, 0, NULL),
(1477, 1, 1366084906, 1905136030, '第一次发，班长你好贤惠啊', 1, 0, NULL),
(1478, 4, 1366085094, 2059534696, '唉，你咋就没记性呢！贱人永远是贱人。你对人好，人对你呢？有的人就不值得付出。谁也没欠谁的！', 0, 0, NULL),
(1479, 4, 1366085293, 2059534696, '唉，咋就是不长记性！贱人就是贱人，不会改变。不值得真正交心，更不值得对她好！', 0, 0, NULL),
(1480, 4, 1366085301, 2059534696, '唉，咋就是不长记性！贱人就是贱人，不会改变。不值得真正交心，更不值得对她好！', 0, 0, NULL),
(1481, 6, 1366086809, 3683491637, '找个一起DIY的，懂的人懂的。', 1, 0, NULL),
(1482, 6, 1366087655, 3402379171, '诅咒那些上课抖腿的人。。。', 1, 0, NULL),
(1483, 1, 1366090154, 2102509385, '讨厌啦。。人家才没有看GV。。。人家才不是腐女。。。人家明明是生活态度端正的好青年嘛。。讨厌~', 1, 0, NULL),
(1484, 1, 1366094866, 1905136001, '严伟铭你这个负心汉说喜欢我，对你那么好，你居然不要我了，居然居然找……T_T', 1, 0, NULL),
(1485, 1, 1366095101, 2102586529, '章鱼，你是猪啊', 1, 0, NULL),
(1486, 1, 1366095487, 1905136046, '每当看到身边的各种学霸就很疑惑 这货是怎么沦落到和我一个学校的', 1, 0, NULL),
(1487, 6, 1366100758, 1864271038, '她在天津，她的他在北京，呵呵', 1, 0, NULL),
(1488, 4, 1366104614, 3402238462, '好。热。啊。(yl)', 0, 0, NULL),
(1489, 4, 1366104622, 3402238462, '好。热。啊。(yl)', 0, 0, NULL),
(1490, 4, 1366104691, 3402238462, '好。热。啊。(yl)', 0, 0, NULL),
(1491, 4, 1366104854, 3402238462, '好。热。啊。(yl)', 0, 0, NULL),
(1492, 4, 1366104888, 3402238459, '好。热。啊。(yl)', 0, 0, NULL),
(1493, 1, 1366104993, 3402238461, '热死啦啦啦叽咕！', 1, 0, NULL),
(1494, 4, 1366105152, 3402238460, '好。热。啊。(yl)', 0, 0, NULL),
(1495, 4, 1366105157, 3402238460, '好。热。啊。(yl)', 0, 0, NULL),
(1496, 4, 1366105235, 3402238457, '好。热。啊。(yl)', 0, 0, NULL),
(1497, 4, 1366105259, 3402238457, '好。热。啊。(yl)', 0, 0, NULL),
(1498, 4, 1366105818, 3402238456, '好。热。啊。(yl)', 0, 0, NULL),
(1499, 4, 1366105869, 3662086027, '热。死。了。(yl)', 0, 0, NULL),
(1500, 4, 1366105878, 3662086027, '热。死。了。(yl)', 0, 0, NULL),
(1501, 4, 1366106133, 3402238458, '好。热。啊。(yl)', 0, 0, NULL),
(1502, 4, 1366106372, 3402238459, '好。热。啊。(yl)', 0, 0, NULL),
(1503, 4, 1366106452, 3662086027, '热。死。了。(yl)', 0, 0, NULL),
(1504, 4, 1366106462, 3662086027, '热。死。了。(yl)', 0, 0, NULL),
(1505, 4, 1366106561, 3402238461, '好。热。啊。(yl)', 0, 0, NULL),
(1506, 1, 1366107016, 2102508745, '一点都不帅，哼╭(╯^╰)╮', 1, 0, NULL),
(1507, 4, 1366107035, 3402238458, '好。热。啊。(yl)', 0, 0, NULL),
(1508, 4, 1366107429, 3402238457, '好。热。啊。(yl)', 1, 0, NULL),
(1509, 1, 1366108177, 1905136076, '其实遇到感觉挺不错的女生的时候。我心里是这样活动的：“诶，这女孩挺可爱的。我要不要上去要电话呢？。。会不会太傻了？她会不会嫌我长的不够帅？Hmm。。。”这些过后，那个女孩已经走过了。。。“唉，算了吧。。”然后继续挺胸往前走', 1, 0, NULL),
(1510, 1, 1366108527, 3662086036, 'hyh,现在再为道歉的话我晓得也没得用了、发了篇日志 有空去看看吧', 1, 0, NULL),
(1511, 4, 1366108614, 826973870, '一天一面就是缘分，一次一眼就是幸福', 1, 0, NULL),
(1512, 4, 1366108764, 1905136081, '为毛昨天一天我都没发出去T^T', 1, 0, NULL),
(1513, 1, 1366108850, 3662086036, 'f', 1, 0, NULL),
(1514, 4, 1366110033, 3720486452, '有时候……总觉得自己特傻特二还特爱自作多情', 1, 0, NULL),
(1515, 4, 1366110193, 3730814817, 'zxcsb', 1, 0, NULL),
(1516, 4, 1366110751, 2059534846, '呵呵，傻逼、你吊个毛啊！就TM看不爽！', 1, 0, NULL),
(1517, 4, 1366112152, 987203635, '总是好傻说一些自己会后悔的话,嘴上要有个把门的。', 1, 0, NULL),
(1518, 4, 1366114215, 2045578275, '好讨厌你。能不能多陪陪我。', 1, 0, NULL),
(1519, 4, 1366114284, 987072844, '叫嚣和宣泄愤怒 是失败者的特有行为 所以不要和真正的失傻逼计较 TA会拉低你的智商然后用丰富的经验打败你 ', 0, 0, NULL),
(1520, 4, 1366114296, 987072844, '叫嚣和宣泄愤怒 是失败者的特有行为 所以不要和真正的失傻逼计较 TA会拉低你的智商然后用丰富的经验打败你 ', 1, 0, NULL),
(1521, 1, 1366114945, 1971854926, '其实王琬琳还是有点可爱', 1, 0, NULL),
(1522, 1, 1366115003, 3662086059, '你为了你的梦想而努力，你的生活充实而有目标，你在改变，你在变得成熟。加油吧！骚年···杰伦说：认真的男人最美丽。', 1, 0, NULL),
(1523, 1, 1366115323, 3662086059, '要不要来玩玩？@梁思', 1, 0, NULL),
(1524, 6, 1366120318, 2073474676, '怎么觉得学习压力这么大！！！真的要跟不上进度了T^T', 1, 0, NULL),
(1525, 6, 1366120531, 2031606234, '第一次遇见这种贱人。初中开始住校、还是第一次遇见这种傻逼！', 1, 0, NULL),
(1526, 1, 1366121216, 3402238457, '冯旭东你这个大长脸，说好的给我生娃呢？', 1, 0, NULL),
(1527, 1, 1366121345, 3662086127, '党匀梳，你好，我想认识你。', 1, 0, NULL),
(1528, 1, 1366121437, 3402238461, '桃桃~~~桃桃~~~@李桃桃', 1, 0, NULL),
(1529, 1, 1366123705, 3402238457, '周柄臣你是个胖纸→ →', 1, 0, NULL),
(1530, 1, 1366124730, 2031002151, '周柄臣，其实发自内心说……我也觉得你是个胖纸……还是个爱发骚卖萌的矫情胖胖纸~', 1, 0, NULL),
(1531, 1, 1366125393, 3662086135, '我对你再多的念念不忘终究是无用的，而我终究开始记不起第一次见面你穿了什么毛衣，我的生日你又买了多少块蛋糕给我了，我只是，也突然不喜欢你了。我依旧抽烟喝酒，但我依旧也还是好少年。不需要你明白，不再需要你懂。', 1, 0, NULL),
(1532, 1, 1366125396, 2031002151, '明明喜欢他，却不能让他知道，才是挺痛苦和纠结的一件事。我喜欢他，我知道。可是我却不知道他喜不喜欢我，他也不可能让我知道。陷入死循环，无人表露，无人解释，也无结果。', 1, 0, NULL),
(1533, 1, 1366125409, 3737558895, '我们寝室的热水器又罢工了！所以洗冷水澡是需要勇气的！要先做准备活动！要热身！进去边洗还要边唱好汉歌！！！哪个寝室让我借下浴室啊?!!', 1, 0, NULL),
(1534, 1, 1366125707, 3737558911, '有个喜欢的人挺好，尽管对方可能不知道', 1, 0, NULL),
(1535, 1, 1366125816, 2031002151, '但是不让对方明了的喜欢和暗恋，会让人心力交瘁……除非出现一个可替代的人……', 1, 0, NULL),
(1536, 1, 1366125848, 3074441468, '饼饼，我也觉得你是个胖子，啊哈哈！！', 1, 0, NULL),
(1537, 1, 1366126195, 1905136057, '今天在操场上远远的看着你，你不高不壮不帅，却是我眼里最美的风景。我看别人说你有意，这是真的么？       to. hujiahao', 1, 0, NULL),
(1538, 6, 1366126380, 3402379195, '咳嗽 不舒服啊 m', 1, 0, NULL),
(1539, 1, 1366126801, 2073293887, '我喜欢摸着自己肚子睡觉= =。。', 1, 0, NULL),
(1540, 1, 1366126865, 1971854937, '五一节想去看动物，没有合适的人一起去', 1, 0, NULL),
(1541, 1, 1366126942, 3736571701, '能活着挺好，至少我们没被饮水投毒，没被炸弹分尸，没被H7N9杀死，所以活着就要开开心心的，没有什么过不去的砍，因为至少我们还活着。', 1, 0, NULL),
(1542, 1, 1366127167, 3025526701, '我最近过的很开心，希望一直这么开心，希望一直像哥哥那样对己严格，对他人宽容。另外，谢谢让我最近明白了人生的一些道理。另外，听到我的话的童鞋推荐看《巴比伦富翁的秘密》，也许你的生活状态也会因此改变!', 1, 0, NULL),
(1543, 1, 1366127998, 2073294147, '想你的第529个夜晚。晚安。。。＞.＜放不下又等不到，什么时候才能忘记你。有你心里再也容不下别人。', 1, 0, NULL),
(1544, 1, 1366128371, 2073294085, '以前问喜欢谁、总是能很快的报出或是心里有那个名字、而现在问。。。总是会想好久、然后没有答案。。。', 1, 0, NULL),
(1545, 1, 1366128503, 3025511519, '难道和一个人聊天，聊得太多了，最后就没话可说了吗？或许那就是我悲剧的原因', 1, 0, NULL),
(1546, 1, 1366128680, 2073294173, '我的头发比套套剪的好，，，', 1, 0, NULL),
(1547, 1, 1366128717, 1905136048, '干嘛整天藏着掖着不说，不觉得这样活很累么？', 1, 0, NULL),
(1548, 1, 1366128783, 1971854917, '走了很远，又回到原点，不同的是不该发生的已经发生，你讨好的嫌疑太重', 1, 0, NULL),
(1549, 1, 1366128826, 1940411578, '活得好累，收获却也不大。。', 1, 0, NULL),
(1550, 1, 1366128935, 3549117462, '我保证不再瞎想了，原谅我好麻？。我错了。。。', 1, 0, NULL),
(1551, 1, 1366129060, 1905136060, '李君仪，劳资永远不会给你说喜欢你。劳资收再多卡也不要你的卡。', 1, 0, NULL),
(1552, 1, 1366129340, 3662086071, '怎么一到晚上大家就激动啊 ', 1, 0, NULL),
(1553, 1, 1366129388, 1905136060, '松四的妹子，干嘛那么早熄灯？好想念去年军训的时候你们晚上穿条裤衩出来晾衣服的情景。', 0, 0, NULL),
(1554, 1, 1366129396, 1905136060, '松四的妹子，干嘛那么早熄灯？好想念去年军训的时候你们晚上穿条裤衩出来晾衣服的情景。', 1, 0, NULL),
(1555, 1, 1366129488, 1893733883, '想打炮。。', 1, 0, NULL),
(1556, 1, 1366129693, 2073268406, '我舍友绝对的是个大大大大奇葩，我想直接无视她！！！', 1, 0, NULL),
(1557, 1, 1366129723, 1971854929, '＜心淡＞＜争气＞', 1, 0, NULL),
(1558, 1, 1366129756, 3548965278, '封雪松，晚安。', 1, 0, NULL),
(1559, 1, 1366129812, 3702879872, '孩子没了。', 1, 0, NULL),
(1560, 1, 1366129825, 1905136034, '@出你身边叫婷婷的人吧！我坚信能超过10个', 0, 0, NULL),
(1561, 1, 1366129853, 1905136034, '艾特出你身边叫婷婷的人吧！我坚信能超过10个', 1, 0, NULL),
(1562, 1, 1366129876, 3702862648, '喜欢松五553的某人~', 1, 0, NULL),
(1563, 1, 1366130087, 1905136035, '我的春天来了吗？给我介绍妹子的咋这么多啊？', 0, 0, NULL),
(1564, 1, 1366130092, 1905136035, '我的春天来了吗？给我介绍妹子的咋这么多啊？', 1, 0, NULL),
(1565, 1, 1366130206, 1905136051, '躺在床上就开始各种胡思乱想，心情就跟着不好了……', 1, 0, NULL),
(1566, 1, 1366130215, 2102508542, '好烦啊，最近好累啊', 1, 0, NULL),
(1567, 1, 1366130281, 2002252923, '人一大，遇到喜欢的人，第一感觉是害怕。', 1, 0, NULL),
(1568, 1, 1366130328, 3754970734, '一到晚上，重大的屌丝们就像打了鸡血一样兴奋！', 1, 0, NULL),
(1569, 1, 1366130340, 1905136053, '今天那货怎么没说那个什么星星的眼睛好漂亮了！！', 1, 0, NULL),
(1570, 1, 1366130594, 2002252923, '突然好想你', 1, 0, NULL),
(1571, 1, 1366130670, 3548965278, '李贝尔学弟好帅，一口把他吃掉', 1, 0, NULL),
(1572, 1, 1366130941, 2053124022, '牛牛，其实我一直…', 1, 0, NULL),
(1573, 1, 1366130983, 2073294152, '好无聊啊~万余粮，你睡了么？~', 1, 0, NULL),
(1574, 1, 1366131071, 999776146, '知いらないよ、そんなのこと。', 1, 0, NULL),
(1575, 1, 1366131113, 1905136053, '那个什么星星眼睛好看的，怎么不说了？！', 0, 0, NULL),
(1576, 1, 1366131118, 1905136053, '那个什么星星眼睛好看的，怎么不说了？！', 0, 0, NULL),
(1577, 1, 1366131352, 1905136062, '了解一个人并不能说明什么，今天他喜欢凤梨，明天他可以喜欢别的——from《重庆森林》', 0, 0, NULL),
(1578, 1, 1366131404, 1905136062, '了解一个人并不能说明什么，今天他喜欢凤梨，明天他可以喜欢别的——from《重庆森林》', 0, 0, NULL),
(1579, 1, 1366131429, 3737558970, '全神贯注，只为拉一泡事与愿违的屎', 0, 0, NULL),
(1580, 1, 1366131434, 1905136093, '李贝尔学长好骚，一脚把你踩掉～', 0, 0, NULL),
(1581, 1, 1366131437, 3737558970, '全神贯注，只为拉一泡事与愿违的屎', 0, 0, NULL),
(1582, 1, 1366131440, 1905136093, '李贝尔学长好骚，一脚把你踩掉～', 0, 0, NULL),
(1583, 1, 1366131447, 1905136093, '李贝尔学长好骚，一脚把你踩掉～', 0, 0, NULL),
(1584, 1, 1366131458, 1905136093, '李贝尔学长好骚，一脚把你踩掉～', 0, 0, NULL),
(1585, 1, 1366131465, 1905136093, '李贝尔学长好骚，一脚把你踩掉～', 0, 0, NULL),
(1586, 1, 1366131465, 3737558970, '全神贯注，只为拉一泡事与愿违的屎', 0, 0, NULL),
(1587, 1, 1366131813, 3737558921, '爱上一匹野马，可我的家里没有套马杆', 0, 0, NULL),
(1588, 1, 1366131821, 3737558921, '爱上一匹野马，可我的家里没有套马杆', 0, 0, NULL),
(1589, 1, 1366132336, 1905136065, '恋爱ing', 1, 0, NULL),
(1590, 1, 1366132461, 3737558921, '爱上一匹野马，可我的家里没有套马杆', 1, 0, NULL),
(1591, 1, 1366132486, 1971854925, '其实我一直都关注着你的状态。。。想关心一下却又不敢，害怕关心僵化。我真的觉得自己好废。。。你知道我是有多想在你难受的时候关心你呢', 1, 0, NULL),
(1592, 1, 1366133422, 1940411578, '我们都会慢慢习惯没有彼此，但是我比较慢。。', 1, 0, NULL),
(1593, 1, 1366134640, 2073294144, '放在树洞里的秘密呀〜就让我的喜欢随着时间远去，剩下的交给时间吧、我也不想再幼稚了〜:-P\n爱自己比你多一点〜', 1, 0, NULL),
(1594, 1, 1366136409, 2090913955, '死生契阔，与子成说。实在是美得令人心酸的一句话。现在还会有这样的爱情么。我已经怕到了、哪怕爱情就赤裸裸地放在我眼前我也宁愿装傻 不敢去抓住它、的地步了。我怕你我细雨濛濛的情会变成植入骨髓的恨。我怕那些温暖美好的回忆终有一天会冷却成利刀。我怕以我还未痊愈的疲惫的心来爱你、会让你受伤。抱歉我还不够成熟。其实我也不知如何是好。谢谢你不嫌弃我谢谢你喜欢我。我也太过喜欢你。不敢和你在一起。', 1, 0, NULL),
(1595, 1, 1366137596, 1905135998, '只要开始跟你呆在一起就不想走。我借着友情的名义想赖得久一点再久一点。', 1, 0, NULL),
(1596, 1, 1366139792, 1905135970, '我也会等的。', 1, 0, NULL),
(1597, 1, 1366158782, 1905135988, '我就是试试……', 1, 0, NULL),
(1598, 1, 1366161682, 3662086115, '虽然我不用人人，但我每天坚持来树洞看看，为了时刻提醒自己不跟这上面的其他人一样孤独寂寞骚。', 1, 0, NULL),
(1599, 4, 1366162547, 1905136069, '老妹不要抽风，神经病╮(╯▽╰)╭。', 1, 0, NULL),
(1600, 4, 1366163533, 987203681, 'crushes......只可惜没有一个人。。。', 1, 0, NULL),
(1601, 1, 1366166998, 2002202377, '前男友的爸爸打电话给我说，媳妇儿，你们没联系你了哟。他不理你，我们叔叔阿姨这些都要理你的。你过来耍嘛，我刚翻电话翻到你的了，就看你换电话没。他不会说话，说话不好听，你不要生气。\n\n前男友，虽然，现在我的脾气已经好得很多比以前，我希望你也收敛你的执拗。我现在有男朋友了，很好。\n\n你得珍惜你的爸爸妈妈，你不比其他人缺少什么爱。', 1, 0, NULL),
(1602, 1, 1366168111, 2073294083, '在一起久了，就学会不珍惜我了 我就是试试真的会匿名发出来？', 1, 0, NULL),
(1603, 1, 1366173403, 3737558964, '艹你大爷的广播台的某傻逼 尼玛的能不放星空 不能！ 傻逼', 1, 0, NULL),
(1604, 1, 1366174842, 3662086092, '我觉得我对我现在的男朋友很愧疚，不该答应他，啊，我好想分手肿么办，', 1, 0, NULL),
(1605, 10, 1366176479, 3662086027, '松江你好~', 1, 0, NULL),
(1606, 1, 1366176646, 1971854938, '呵呵，你猜的出来那个妹子就是我么。', 1, 0, NULL),
(1607, 1, 1366178697, 1971854916, '我还是很纠结。书筠和欣怡两姐妹我究竟要选谁。', 1, 0, NULL),
(1608, 11, 1366179078, 3662086027, 'hello world! ', 1, 0, NULL),
(1609, 12, 1366179879, 3662086027, '你好，金陵。', 1, 0, NULL),
(1610, 1, 1366184467, 1971854917, '机械女汉子，真男人梦哥，高富帅主席贝尔。江森蓝天杯求队友，求汉子……大家有兴趣的请@刘梦然或者@李贝尔，赶紧行动吧。', 1, 0, NULL),
(1611, 13, 1366185221, 3702654140, '让瘦子变胖！', 1, 0, NULL),
(1612, 1, 1366185686, 3662086075, '午睡梦到邂逅美女是多么幸福的~~~', 1, 0, NULL),
(1613, 4, 1366185894, 3662086027, '最怕空氣突然安靜。', 1, 0, NULL),
(1614, 4, 1366187146, 987203688, '不要仗着我喜欢你，就来挑战我的底线，雷区这种东西，不管你是谁，请自觉避让。', 1, 0, NULL),
(1615, 1, 1366188190, 1905136101, '蒹葭苍苍，白露为霜，所谓伊人，在水一方～伊人，你在哪里？', 1, 0, NULL),
(1616, 1, 1366188909, 3737559022, '喜不喜欢，追不追你，一句话！！你倒是说啊！！', 1, 0, NULL),
(1617, 1, 1366189614, 2102507547, '好累', 1, 0, NULL),
(1618, 1, 1366190984, 3754971313, '这到底是干嘛的地方哦。。', 1, 0, NULL),
(1619, 1, 1366191929, 708709003, '明天有没有马刺的比赛', 1, 0, NULL),
(1620, 1, 1366192247, 3662086119, '我害怕失去你。', 1, 0, NULL),
(1621, 4, 1366192662, 987203640, '为了你去看你们院的女篮比赛。。果然看到你了，但是只能看着。。。我是有多屌丝！！！以后再做这么无聊的事就喂自己掺了铊的生鸡肉！！', 1, 0, NULL),
(1622, 1, 1366194057, 3662086141, '我想你好好的！！1好好照顾自己~~~', 1, 0, NULL),
(1623, 1, 1366195040, 2102508920, '有没有星期二下午七八节课在DZ222上大学物理的？貌似是土木的。一个中分长卷黄发，很瘦很有气质的女生，貌似重庆口音。请问土木的朋友有没有认识这个女生的？求姓名。', 1, 0, NULL),
(1624, 1, 1366195869, 2073036076, 'baichen,woaini', 1, 0, NULL),
(1625, 1, 1366196214, 2073036076, '李浩威，是你在找我么~', 1, 0, NULL),
(1626, 1, 1366196321, 3074441468, '水哥是傻逼吗\n', 1, 0, NULL),
(1627, 1, 1366197324, 1905135997, '请你说句好不好', 1, 0, NULL),
(1628, 6, 1366198636, 2073474991, '不懂就尼玛别瞎说', 1, 0, NULL),
(1629, 1, 1366199545, 3662086069, '999，什么地方惹你生气了说出来好不好，我道歉', 1, 0, NULL),
(1630, 1, 1366199870, 3662086069, '999，我是很认真的，很想好好跟你在一起，只要看到你就是莫名的欣喜，自发的嘴角上扬，跟个傻子一样，你一不理我就很慌乱，坐立不安，我们可以慢慢了解嘛！你不喜欢我的什么，我改就是了，不愿意你闷闷不乐，不愿意你生气，都怪我的不经意，都怪我的大大咧咧，真的不希望你不理我', 1, 0, NULL),
(1631, 1, 1366200246, 3662086069, '999，我说不出喜欢你什么，就是每分每秒的想念，想无时无刻的陪伴，真心希望能够和你好好走下去，并为之努力，我说错了什么或者做错了什么，你告诉我嘛，或者尽管骂我锤我，不理人真的很恐怖', 1, 0, NULL),
(1632, 1, 1366200253, 3074441468, '其实真的好喜欢郑洪积，听说他也对我有意思，就是不敢说', 1, 0, NULL),
(1633, 1, 1366201335, 1905135995, '下午让你失望了。呵呵。真2、可能只是我以为罢了。', 1, 0, NULL),
(1634, 1, 1366201455, 1905136061, 'wake me up!', 1, 0, NULL),
(1635, 1, 1366201753, 3074441468, '炜珂，你还好吗？很想你，见见我吧', 1, 0, NULL),
(1636, 1, 1366202425, 2102718801, '我希望你幸福，因为这样我也很开心，可是我又害怕你幸福，因为这样你会很快忘记我。', 1, 0, NULL),
(1637, 1, 1366203589, 1783813851, '艾玛～我讨厌大物实验报告，灭绝男师太呀啊啊啊啊啊！！！！！', 1, 0, NULL),
(1638, 1, 1366206943, 1697537222, '那个说爱郑洪积的妹子到底是哪个……虽说高中物理老师教我们为兄弟两肋插刀，为女人插兄弟两刀，但是考虑到你如此深情，我们就算了，速速献身吧，好不容易在树洞发个言，还有积哥很帅--柏拉图', 1, 0, NULL),
(1639, 1, 1366207768, 3737559029, '今天他们说你要来打球，我突然就笑了。那是多么远的青春往事了，想想都会觉得那时的时光真美好，以至于后来找男友都是因为有你的影子。嗯，加油啦，希望我们以后都过得好，一定。', 1, 0, NULL),
(1640, 1, 1366208603, 3662086138, '我想谈一场恋爱，不在孤单。', 1, 0, NULL),
(1641, 1, 1366209159, 3754968895, '有人走了第一步，但是我却不知道剩下的99往哪走?', 1, 0, NULL),
(1642, 1, 1366213206, 2102489030, '发现一只野生的舍友！慢慢靠近！捉住了！是投毒还是一刀捅死？这是个难题啊\n', 1, 0, NULL),
(1643, 6, 1366213590, 3402379196, '觉得自己越是在乎一个人就越不敢接近，越是在乎表面就越是冷漠。啊啊啊！这到底算怎么回事！', 1, 0, NULL),
(1644, 1, 1366214389, 1875101870, '失眠啊~求入睡秘方。。', 1, 0, NULL),
(1645, 4, 1366214506, 1879310898, '真正打败我们的、限制我们自由的是时间。', 1, 0, NULL),
(1646, 1, 1366214906, 1905136049, 'the only things I can do is wait you.\n\n\n\n', 1, 0, NULL),
(1647, 1, 1366215266, 3736571801, '饿死爹老。。。', 1, 0, NULL),
(1648, 1, 1366215293, 708709016, '女神，别喝奶茶了', 1, 0, NULL),
(1649, 1, 1366215360, 1905135978, '我不是女神，叫我女王大人', 1, 0, NULL),
(1650, 4, 1366215478, 987203683, '这样的情节仿佛在重演昨天的故事，自己伤透了心还在苦苦奢求别人的在乎，不想爱你了。其实找个对自己特别好的男生真的不错，妹子们好好珍惜那个连约会都不敢迟到的好少年吧。有必要我也要换个这样的男友，我是真的累了，所以那谁你可以去死了，虽然你在我心里已经死了几万遍了。', 1, 0, NULL),
(1651, 1, 1366215490, 2102487594, '你说 会永久的爱情 会被 新的打破么', 1, 0, NULL),
(1652, 1, 1366215516, 1905136109, '我决定，以后星期三就是我的幸运日。哇嘎嘎。', 1, 0, NULL),
(1653, 1, 1366215525, 1971854937, '要活的遵从内心。', 1, 0, NULL),
(1654, 1, 1366215864, 1905136077, '感谢室友让我依旧活着！！！', 1, 0, NULL),
(1655, 1, 1366215881, 1971854941, '执着了好久的叹息，依然无法叹出口', 1, 0, NULL),
(1656, 1, 1366215916, 3662086071, '宁可相信爱情也不会相信友情了，我不管你是因为什么原因，你如果不先道歉我是不会再主动说话的', 1, 0, NULL),
(1657, 1, 1366215971, 3662086027, '全部的爱！！！！', 1, 0, NULL),
(1658, 4, 1366216048, 977509661, '如果我就这样不再理你，你什么时候才会再来找我？', 1, 0, NULL),
(1659, 1, 1366216082, 3074441468, '怎么办 好烦好烦好烦室友……我都想找铊去了= =', 1, 0, NULL),
(1660, 1, 1366216108, 3736571151, '树洞里的秘密，其实吧，作为主页君我什么都知道，真不好意思给...', 1, 0, NULL),
(1661, 1, 1366216163, 2102508023, '我们宿舍的两个人在一起了！ 我应该怎么办！ 祝福他们还是劝阻他们！', 1, 0, NULL),
(1662, 1, 1366216273, 2102508768, '博老师，我可不可以在这里说点你的什么？Tsai。', 1, 0, NULL),
(1663, 1, 1366216293, 2053123362, '想到就心酸，知道太多也不好', 1, 0, NULL),
(1664, 1, 1366216324, 2073268405, '又被一女生安慰，好人有好报，不是不报，时候未到...哎...', 1, 0, NULL),
(1665, 1, 1366216397, 2073294125, 'miss u a little', 1, 0, NULL),
(1666, 1, 1366216514, 3736571246, '我说我想毒害我室友，，你们怎么看', 1, 0, NULL),
(1667, 1, 1366216624, 3736571455, '就这么没有下文了么...不过又不想问个究竟...', 1, 0, NULL),
(1668, 1, 1366216804, 2102508042, '室友脚好丑啊……但他自己好像不在乎……', 1, 0, NULL),
(1669, 1, 1366216817, 3736571246, '那个学妹，，玩弄哥感情哥记住了！', 1, 0, NULL),
(1670, 1, 1366216837, 1905136066, '光棍久了，都有点害怕', 1, 0, NULL),
(1671, 1, 1366216989, 1905136060, '特么的分手快乐啊！！', 1, 0, NULL),
(1672, 4, 1366217218, 1971856144, '一思念就撕裂灵魂。', 1, 0, NULL),
(1673, 1, 1366217277, 3402238457, '法语课又要来了', 1, 0, NULL),
(1674, 1, 1366217285, 3402238460, '哟！不止我一个人不喜欢室友啊……抱住同好！', 1, 0, NULL),
(1675, 1, 1366217310, 3736571246, '我想知道翟大神是不是可以看到树洞的每一句都是谁发的？', 0, 0, NULL),
(1676, 1, 1366217323, 3736571246, '我想知道翟大神是不是可以看到树洞的每一句都是谁发的？', 1, 0, NULL),
(1677, 1, 1366217509, 999782443, '此で终たのですね。 贵方の剣とな、敌うち、御身を护た、此の约束は果たせて、よっがた。 最后に、ひとつだけ伝えないと：士郎、贵方を、爱している！ ', 1, 0, NULL),
(1678, 1, 1366217671, 3736571513, '今天晚上在运动场旁边和姐妹散步，有个高个子男生在我们眼皮下跑步一口气跑了半个多小时，回寝室后发现我好像喜欢上他哦，有没有认识他的？', 1, 0, NULL),
(1679, 4, 1366217719, 987203630, '一靠近就灼伤', 1, 0, NULL),
(1680, 1, 1366217810, 3548965286, '哦一到晚上树洞就特别活跃', 1, 0, NULL),
(1681, 1, 1366217820, 1905135964, '想和17岁喜欢的人去看致青春，约他不知道会不会很奇怪。。', 1, 0, NULL),
(1682, 4, 1366217865, 987203646, '如果我不提见面，哪个时候你才会来约我呢。还是我们就这样，默默变成好基友了呢。。。', 1, 0, NULL),
(1683, 1, 1366217893, 1996815443, '李超，我爱你！', 1, 0, NULL),
(1684, 1, 1366217916, 3736571246, '我想知道翟大神是不是可以看到树洞的每一句都是谁发的？', 1, 0, NULL),
(1685, 1, 1366217941, 1905135977, '夏天到了为什么种下去的男朋友还没有长出来呢。我最喜欢夏天了应该趁着夏天谈恋爱啊。', 1, 0, NULL),
(1686, 1, 1366217975, 1905136050, '黄飞宇', 1, 0, NULL),
(1687, 1, 1366218084, 2102508023, '我想恋爱了！~\\(≧▽≦)/~啦啦啦', 1, 0, NULL),
(1688, 1, 1366218114, 826959954, '我感觉毕业前，要么我投毒杀了室友，要么我被室友毒死的节奏', 1, 0, NULL),
(1689, 4, 1366218188, 987203646, '如果你不喜欢这个人，为什么还要跟她暧昧呢？暧昧也要负责任的好吗。你用暧昧收走了一个妹子的心，然后就没有然后了吗', 1, 0, NULL),
(1690, 4, 1366218421, 987203630, '安红,额想你想得睡不着觉。', 1, 0, NULL),
(1691, 1, 1366218640, 1905135977, 'Sunny Sun.I need u and I will make u happy.', 1, 0, NULL),
(1692, 1, 1366218651, 2102487668, '其实我和她是一个高数班的，我喜欢她很久了，姚丹平，我喜欢你。给我一年，我努力变成你想要的样子。', 1, 0, NULL),
(1693, 1, 1366218808, 708709003, '城环外联的孩子们，你们放心吧。你冬哥我决定重出江湖帮你们一把。胸口碎大石就交给我吧！', 1, 0, NULL),
(1694, 1, 1366218827, 2073294087, '对面阳台上的裸男你为什么每晚都坐在凳子上！！！你不睡觉啊！', 1, 0, NULL),
(1695, 1, 1366218861, 999779057, 'こんな可爱い子が女の子 のはずがない！', 1, 0, NULL),
(1696, 1, 1366218862, 1905136062, '其实，我只想能够有个人陪着，然后安静地写诗，其余的都只是其余的。', 1, 0, NULL),
(1697, 1, 1366218911, 1971854929, '总是因为你一会幸福一会哭泣。我无力地想说我好累。那么爱你的我。终归不会被爱。如此脆弱卑微的我。怎么配得上你。当我爱上别人时。你会心痛吗。。', 1, 0, NULL),
(1698, 1, 1366218963, 1940411578, '现在还在做作业的……来一个', 1, 0, NULL),
(1699, 1, 1366219439, 1905135983, '突然觉得我这种成绩绩点一般、不奢望奖学金、不参与学生会权力斗争、无缘于保研名额的人，不仅生存压力小，而且不会对他人构成生命威胁，真是人畜无害的优良品种。', 0, 0, NULL),
(1700, 1, 1366219450, 1905135983, '突然觉得我这种成绩绩点一般、不奢望奖学金、不参与学生会权力斗争、无缘于保研名额的人，不仅生存压力小，而且不会对他人构成生命威胁，真是人畜无害的优良品种。', 0, 0, NULL),
(1701, 1, 1366219466, 1905135983, '突然觉得我这种成绩绩点一般、不奢望奖学金、不参与学生会权力斗争、无缘于保研名额的人，不仅生存压力小，而且不会对他人构成生命威胁，真是人畜无害的优良品种。', 0, 0, NULL),
(1702, 1, 1366219516, 3030445073, '大一的王萌萌！你长得好呆好萌，我喜欢你！', 0, 0, NULL),
(1703, 4, 1366219521, 2073474734, '宝贝儿，真想替你吃药，真想回去抱着你。', 0, 0, NULL),
(1704, 4, 1366219530, 2073474734, '宝贝儿，真想替你吃药，真想回去抱着你。', 0, 0, NULL),
(1705, 4, 1366219563, 2073474734, '宝贝儿，真想替你吃药，真想回去抱着你。', 0, 0, NULL),
(1706, 4, 1366219568, 2073474734, '宝贝儿，真想替你吃药，真想回去抱着你。', 0, 0, NULL),
(1707, 1, 1366219571, 3030445073, '大一的王萌萌！你长得好呆好萌，我喜欢你！', 0, 0, NULL),
(1708, 1, 1366219581, 3030445073, '大一的王萌萌！你长得好呆好萌，我喜欢你！', 0, 0, NULL),
(1709, 4, 1366219707, 2073474734, '宝贝儿，真想替你吃药，真想回去抱着你。', 0, 0, NULL),
(1710, 1, 1366219909, 708709003, 'ZRY 晚安。', 0, 0, NULL),
(1711, 1, 1366219922, 708709003, 'ZRY 晚安。', 0, 0, NULL),
(1712, 1, 1366220662, 2073294126, '嗯，我爱。。王琬琳', 1, 0, NULL),
(1713, 1, 1366221084, 1971854926, '一到夏天就觉得重大有美女了，我果然很好色', 1, 0, NULL),
(1714, 1, 1366221357, 1971854940, '树洞树洞，我被你刷屏了', 1, 0, NULL),
(1715, 1, 1366224403, 3548965278, '封雪松，我觉得你穿衬衫肯定很好看，但是好像从来没见你穿过。', 1, 0, NULL),
(1716, 1, 1366227832, 3074441468, '不要指望凭着给妹子修电脑而解决单身问题。妹子缺的只是一个会修电脑的，而不是一个会修电脑的男朋友。——三年才认识到的惨痛教训', 1, 0, NULL),
(1717, 1, 1366248810, 1905135967, '都说了不去在意，但是为什么一想到还是会那样心痛！窒息般的疼痛', 1, 0, NULL),
(1718, 4, 1366254011, 987072840, '你们能不能告诉我，该怎样才能放下对一个不该喜欢的人的喜欢。', 1, 0, NULL),
(1719, 1, 1366259420, 977509659, '广播台的放歌的那个 咱中午能不能别再放五月天的 星空 了 天天放 你是傻逼还是傻逼还是傻逼？', 1, 0, NULL),
(1720, 4, 1366260441, 2045051092, '总是打乱我的生活是什么意思T^T你又不会喜欢我！', 1, 0, NULL),
(1721, 4, 1366261082, 987203682, '有你真好，像一对小夫妻一样喜忧共享，这样的日子过得好舒心。', 1, 0, NULL),
(1722, 4, 1366261764, 987203680, '只为一时的气氛，搞一肚子的气愤。', 1, 0, NULL),
(1723, 1, 1366263162, 3662086070, '消灭学霸是我们的共同阶级任务。。。', 1, 0, NULL),
(1724, 1, 1366263406, 3662086059, '今天好热···来树洞乘凉··', 1, 0, NULL),
(1725, 1, 1366266475, 3662086093, '黄尚宇先生，和你在一起的时间里虽然有些事情让我滚过去滚过来不想想起来- -（我觉得自己丢人到爆，比如跑去学粤语结果第一个字学到的是脏话，哈哈哈。。。。。简直不忍直视。。。。），但是还是有些事情让我觉得很高兴，算得上是可爱的经历和回忆。如果要说我在想什么的话，我要说我也想知道你是怎么想的，但是又不想知道。就让一切随风飘吧~今后的我会一直积极向上地面对生活的！你也是哦！（哈哈哈。。。果然还是不想想起那些自己犯二逼的事情啊- -。。。。。。。。。。。。。）', 1, 0, NULL),
(1726, 1, 1366266789, 3662086093, 'MR.banana.其实我以前根本就没注意到你，而现在我肯定知道你每天来上课没有，坐在哪里，什么时候来的，什么时候走的。我觉得我这些乱七八糟的想法都是小事情，比如也希望你注意到我呀~之类的，简直丢死人了的想法- -。。。室友们说以后看见你要集体翻你白眼，但是目前为止尽管我指了无数次，但是可能因为你长得太普通了，以至于她们还是没能认出你来。。。。。', 1, 0, NULL),
(1727, 1, 1366266838, 3737558901, '村里有个姑娘叫小芳，长的是好看又善良！', 1, 0, NULL),
(1728, 1, 1366267157, 3662086093, '黄先生，MR.BANANA是她们给你取的外号，哈哈哈~爱我们寝室的妹纸们~\n虽然我的感情总是失败的，我想原因是因为我长得太丑了吧，声音也不好听，不过人总要对自己充满希望的。我仍旧要好好生活，至少把自己保养得白白的，常笑笑。未来我一定会遇到那位灵魂伴侣的，对吗？对吧！', 1, 0, NULL),
(1729, 1, 1366267867, 3662086093, '其实你的人人头像丑爆了，简直闪瞎我的狗眼。。。你是开年第一个访问我人人空间的人，那天你还第一次上传了你的头像（。。。丑爆了丑爆了- -。。。）你也许不知道我等你来访问我关心我等了好久了。我想我不是一个小清新萌妹纸，不过想了解一个人的心理，还是从你这个丑爆了的人开始的。作为一个工科女，我理智地推测，你丫的不是喜欢我，你是在意我，就当是在意一个普通的异性。如果俺猜对了，那还好，但是如果是你丫的没有勇气跟我讲，哼哼！我打人哦，好残忍的！！！！- -', 1, 0, NULL),
(1730, 1, 1366268352, 3662086093, '今日热哭了。。。。。。。。。。', 1, 0, NULL),
(1731, 1, 1366270332, 3737558980, '我想对机械的刘梦然说，梦哥哥，我好喜欢你啊，接受我吧，我会好好对你的。', 1, 0, NULL),
(1732, 1, 1366270524, 1905135965, '外面热死个人类，快来主教一楼腾讯宣讲会避暑～', 1, 0, NULL),
(1733, 4, 1366271336, 987203667, '宝贝儿，真想替你吃药，真想回去抱着你。', 1, 0, NULL),
(1734, 1, 1366272901, 3670122502, '请问外院英语专业那个很高很高而且又壮又白净的男生叫什么？？感觉好有安全感好喜欢他~~＞.＜', 1, 0, NULL),
(1735, 1, 1366279977, 1905136074, '跟男神自习了一下午，就在我后面一排，好开心，刚刚还一起吃了饭，第一次跟他说了那么多话，哈哈哈。虽然知道他是直的，快播里全是AV，但是能这样已经很好了，有些话是不必说的也是不能说的。嗯嗯。', 1, 0, NULL),
(1736, 1, 1366281516, 3662086096, '一睡醒 就躺枪 。。。。。。。神马情况啊 。。。。加油吧少年', 1, 0, NULL),
(1737, 1, 1366283539, 3662086115, '本人实在受不了一些人在这里发春，尤其受不了男的在这里发春，最受不了一些死基佬在这里发春。', 1, 0, NULL),
(1738, 1, 1366287993, 1697533388, '树洞是个黑人的好地方~', 1, 0, NULL),
(1739, 1, 1366288112, 1905136065, '郑洪积，听到昨天还有人追你，我心都碎了，真的，我爱你', 1, 0, NULL),
(1740, 1, 1366288701, 3737558851, '我是住在松六对面的学弟，亲爱的建管学姐LMY。上个学期无意中看到你也在你们阳台上坐着背书，我就鼓起勇气给你飞了一个纸飞机，不知道你收到没有。这个学期我找了很多人，终于打听到你是建管学院工程管理的学姐，我很开心。希望学姐接受我吧！', 1, 0, NULL),
(1741, 1, 1366289643, 3662086031, '有个妹子只喜欢土木男…她又不让我发人人状态T^T', 1, 0, NULL),
(1742, 1, 1366290578, 1971854930, '都是山东人，差距咋就这么大啊，有人低调踏实，有人就是逼哥，装逼哥！', 1, 0, NULL),
(1743, 6, 1366292755, 3402379221, '男生是不是都这样，吃着碗里的还得惦记着锅里的。只要不被发现，就能理所当然的脚踏两只船。。。', 1, 0, NULL),
(1744, 1, 1366293042, 3662086133, '哥，这样的感觉是有多久了。每天都想见到你，和你说说话什么的，我的要求真的不高，就像现在这样就好了，你还是原来的你，我是现在的我！', 1, 0, NULL),
(1745, 1, 1366296242, 3662086122, '莫名其妙的心情好糟糕啊啊啊~~找不到人陪我玩啊啊啊~~烦啊啊啊~', 1, 0, NULL),
(1746, 1, 1366296275, 3737558800, '纵里寻她千百度，蓦然回首，那人去在灯火阑珊处——我在等你~~', 1, 0, NULL),
(1747, 1, 1366297801, 3737558797, '那个叫尚景林的不要找车彦文了，他已经跟我走了。', 1, 0, NULL),
(1748, 1, 1366298130, 3402238457, '谁能告诉我  树洞是什么 ？ 能吐槽么？！！！！！', 1, 0, NULL),
(1749, 1, 1366298581, 1971854932, '城环学院的陈娟娟，我喜欢你很久了，周五晚卯时，我在树洞等你，不见不散。', 1, 0, NULL),
(1750, 1, 1366298659, 3662086096, '为了     奔跑吧少年 ！', 1, 0, NULL),
(1751, 1, 1366299219, 2102508829, '本人男，征女友。。。', 1, 0, NULL),
(1752, 1, 1366299832, 2073294192, '班歌排的真辛苦\n', 1, 0, NULL),
(1753, 1, 1366299885, 2002194011, '今天在思群广场穿黑白球服打球的汉字！你是不是直的?!有没有女男朋友?我爱上你了！', 1, 0, NULL),
(1754, 1, 1366299931, 1971854932, '妓院的叶映彤，虽然你有女朋友了，但是是大爷先看上你的，大爷要继续喜欢你，', 1, 0, NULL),
(1755, 1, 1366300634, 2102508829, '机械学院某男征女友', 1, 0, NULL),
(1756, 1, 1366301226, 1905136032, '今天在梅园打球的机械4号好帅啊，求认识，求号码～～', 1, 0, NULL),
(1757, 1, 1366301437, 1971854932, '陈娟娟，想你想的睡不着……', 1, 0, NULL),
(1758, 1, 1366301499, 3074441468, '没有大腿摸的夏天真是悲凉啊！！', 1, 0, NULL),
(1759, 1, 1366301785, 3702862627, '晚安，松五553~', 1, 0, NULL),
(1760, 1, 1366301820, 3545751336, '我觉得纪舒玮跟侯伟豪肯定有一腿', 1, 0, NULL),
(1761, 1, 1366301920, 3754973859, '说说你们身边的山东逼哥！', 1, 0, NULL),
(1762, 1, 1366302041, 1971854925, '心力憔悴，求人安慰...', 1, 0, NULL),
(1763, 1, 1366302145, 3688722212, 'a区有每个宿舍楼里有两个自动售货机啦，虎溪的羡慕吧', 1, 0, NULL),
(1764, 1, 1366302286, 2002199195, '我女神今天十八岁生日，求各位祝福。', 1, 0, NULL),
(1765, 1, 1366302287, 2073294134, '土木小钢炮！', 1, 0, NULL),
(1766, 1, 1366302331, 2073294202, '我也想你想得睡不着………', 1, 0, NULL),
(1767, 1, 1366302378, 2073294151, '怎么练哑铃都练得胸下垂了呀？', 1, 0, NULL),
(1768, 1, 1366302538, 2102508355, '小雯我把孩子打掉了，你安心和姗姗在一起吧。我不是周成', 1, 0, NULL),
(1769, 1, 1366302734, 1905136050, '进学校就一直听说魔术社社长的魔术好精彩，求认识，求了解，求支持！！', 1, 0, NULL),
(1770, 1, 1366302975, 1905136053, '我只听过机械大一院队叫小钢炮。。也许是我孤陋寡闻了。', 1, 0, NULL),
(1771, 1, 1366302995, 1971854928, '建管学院的LY同学，我关注你很久了，虽然只能远远的望着你，但是 但是好想好想和你近距离接触。山有木兮木有枝，心悦君兮君不知。', 1, 0, NULL),
(1772, 1, 1366303091, 3549117462, '多少男生有处女情节啊~', 1, 0, NULL),
(1773, 1, 1366303102, 3688722212, '又是夏天了，相机  吉他     你在哪', 1, 0, NULL),
(1774, 1, 1366303161, 1971854930, '你也不必牵强再说爱我，反正我的灵魂已变的堕落。想你了，晚安', 1, 0, NULL),
(1775, 1, 1366303162, 3074441468, '恋爱有什么好的。。', 1, 0, NULL),
(1776, 1, 1366303222, 1905136097, '弘深学院的俞楚天有男朋友了没？', 1, 0, NULL),
(1777, 1, 1366303319, 3736571448, '谢舍友不杀之恩，小子定当涌泉相报', 1, 0, NULL),
(1778, 1, 1366303413, 1905136063, '劳资这是报复社会。。。。', 1, 0, NULL),
(1779, 1, 1366303591, 2102507742, '今天重庆就是热。不要狡辩了。丢不丢人。\n', 1, 0, NULL),
(1780, 1, 1366303647, 1971851666, '好吧，我确实动过给舍友水里下毒啊、枕头里边放毒物、把其牙刷拿来刷厕所以及在其洗面奶里放毒物的冲动想法……然后都没实施过。我觉得我是个心狠手不辣的人。就是脑子爱幻想。', 1, 0, NULL),
(1781, 1, 1366303680, 3074441468, '经管学院的LYJ你在忙啥？好想好想你', 1, 0, NULL),
(1782, 1, 1366303851, 2102509279, '晚安〜\n松五517路过', 1, 0, NULL),
(1783, 1, 1366304124, 2073294165, '我不愿意拿自己的幸福来做赌注，你的阴晴不定让人特别害怕；我也害怕失去一个朋友，没有信心你会喜欢上我这样的女生更没信心能跟你一直走下去。最好是放弃单恋，告诫自己必须要选择友谊来避开爱情。', 1, 0, NULL),
(1784, 1, 1366304370, 3662086071, '擦，被黑出翔了', 1, 0, NULL),
(1785, 1, 1366304465, 1905136031, '认识到现在也快半年了，发现自己渐渐地喜欢上了你，夜猫你愿意吗？我等你', 1, 0, NULL),
(1786, 1, 1366304640, 3720486784, '在你眼里，我是不是真的仅仅是妹妹。', 1, 0, NULL),
(1787, 1, 1366304857, 2102507742, '玩不起。不玩了。晚安，江津。\n', 0, 0, NULL),
(1788, 1, 1366304865, 2102507742, '玩不起。不玩了。晚安，江津。\n', 0, 0, NULL),
(1789, 1, 1366304900, 2102507742, '玩不起。不玩了。晚安，江津。\n', 0, 0, NULL),
(1790, 1, 1366304958, 1905136101, '放弃恋爱，专心学渣！', 0, 0, NULL),
(1791, 1, 1366304968, 1905136101, '放弃恋爱，专心学渣！', 0, 0, NULL),
(1792, 1, 1366305068, 1971854929, '如果我也消失了一晚上，会有人为我担心吗?会有人来找我嘛? 觉得在大学里没有人真正关心我，就算我在外面呆了一天，也没有人会打我电话吧。', 1, 0, NULL),
(1793, 1, 1366305538, 1905136069, '好吧。突然感觉揣兜一辈子也没啥大不了的', 1, 0, NULL),
(1794, 1, 1366305951, 1971854930, '热的睡不着', 0, 0, NULL),
(1795, 1, 1366305965, 2073294161, '寝室新搬来几只蚊子，我是捅死呢还是投毒呢', 1, 0, NULL),
(1796, 1, 1366305973, 1971854930, '热的睡不着。。', 1, 0, NULL),
(1797, 1, 1366306189, 1971854925, '你猜的到那个想认识你的妹子就是我么。', 1, 0, NULL),
(1798, 1, 1366306314, 2073294164, '如果有一天树洞秘密全都公布了作者会发生什么。。。', 1, 0, NULL),
(1799, 1, 1366306329, 1971854935, '为什么要出现在我的生命呢？既然不爱我，能带上我脑海中关于你的存在一齐滚出我的世界吗？', 1, 0, NULL),
(1800, 1, 1366307773, 1905136079, '好吧，其实真心觉得王紫茵很不错……', 1, 0, NULL),
(1801, 1, 1366307822, 3074441468, '我想知道东北的汉子是都会经常晚上睡觉不洗脚还是我寝室这个太极品？…坑爹啊，真想给拖出去。经常被熏个半死。。。', 1, 0, NULL),
(1802, 1, 1366308573, 1905135997, '我宿舍一哥们在图书馆看上一妹纸，肿么办', 1, 0, NULL),
(1803, 1, 1366313154, 2170841219, 'aaa', 1, 0, NULL),
(1804, 4, 1366331406, 987203695, '就不能陪陪我么', 1, 0, NULL),
(1805, 1, 1366332998, 989067798, '别吓唬我了，我们好好过日子，行不？爱你。', 1, 0, NULL),
(1806, 4, 1366334408, 1971856153, '信息院女篮最牛逼。', 1, 0, NULL),
(1807, 1, 1366334777, 1905136078, '啦啦啦', 1, 0, NULL),
(1808, 1, 1366335724, 1816525435, '我要等到你下课！药。。药。。', 1, 0, NULL),
(1809, 4, 1366336169, 987203679, '篮球赛是一件很累的事情 球员累 教练也累 女篮之后是男篮 大家都付出了那么多 都好样的', 1, 0, NULL),
(1810, 1, 1366339104, 999776220, '机械学院的袁杰，我喜欢你！', 1, 0, NULL),
(1811, 4, 1366339937, 987203636, '总是在人群中有意无意地寻找你的身影。', 1, 0, NULL),
(1812, 1, 1366346005, 3662086115, '王一帆是傻逼，跟他同为山东人我表示很丢脸，就没见过这么自以为是的装逼男。', 1, 0, NULL),
(1813, 1, 1366346554, 3662086133, '好热啊( ⊙ o ⊙ )啊！ 建管学院的吴贤东学长~给我买冰激凌吧！----一个关注你好久了的小学妹', 1, 0, NULL),
(1814, 1, 1366347271, 1905136113, '树洞，是基佬学院发春男集中营', 1, 0, NULL),
(1815, 1, 1366347815, 3736571388, '不行了。。我真的不行了。。。公主和翔少你们一定要性福。。。', 1, 0, NULL),
(1816, 4, 1366349343, 977509706, '某个人，请你从我的生命里滚出！', 1, 0, NULL);
<!DOCTYPE html PUBLIC "-//W3C//DTD XHTML 1.0 Transitional//EN"
    "http://www.w3.org/TR/xhtml1/DTD/xhtml1-transitional.dtd">
<html xmlns="http://www.w3.org/1999/xhtml" xml:lang="zh" lang="zh" dir="ltr">
<head>
    <meta http-equiv="Content-Type" content="text/html; charset=utf-8" />
    <link rel="icon" href="./favicon.ico" type="image/x-icon" />
    <link rel="shortcut icon" href="./favicon.ico" type="image/x-icon" />
    <title>phpMyAdmin</title>
    <link rel="stylesheet" type="text/css" href="phpmyadmin.css.php?token=a034c672b929d88653076ac3dc041db1&amp;js_frame=right&amp;nocache=4091758043" />
    <link rel="stylesheet" type="text/css" href="print.css" media="print" />
    <meta name="robots" content="noindex,nofollow" />
<script type="text/javascript">
//<![CDATA[
try {
    // can't access this if on a different domain
    var topdomain = top.document.domain;
    // double-check just for sure
    if (topdomain != self.document.domain) {
        alert("Redirecting...");
        top.location.replace(self.document.URL.substring(0, self.document.URL.lastIndexOf("/")+1));
    }
}
catch(e) {
    alert("Redirecting... (error: " + e);
    top.location.replace(self.document.URL.substring(0, self.document.URL.lastIndexOf("/")+1));
}
//]]>
</script>
<script src="./js/tooltip.js" type="text/javascript"></script>
<script type="text/javascript">
// <![CDATA[
// Updates the title of the frameset if possible (ns4 does not allow this)
if (typeof(parent.document) != 'undefined' && typeof(parent.document) != 'unknown'
    && typeof(parent.document.title) == 'string') {
    parent.document.title = 'pma.tools.sinaapp.com / w.rdc.sae.sina.com.cn / app_hollow / renren_oauth | phpMyAdmin 3.3.8.1';
}

var PMA_messages = new Array();
window.parent.addEvent(window, 'load', PMA_TT_init);
// ]]>
</script>
    <meta name="OBGZip" content="true" />
        <!--[if IE 6]>
    <style type="text/css">
    /* <![CDATA[ */
    html {
        overflow-y: scroll;
    }
    /* ]]> */
    </style>
    <![endif]-->
</head>

<body>
    <div id="serverinfo">
<a href="main.php?token=a034c672b929d88653076ac3dc041db1" class="item">        <img class="icon" src="./themes/original/img/s_host.png" width="16" height="16" alt="" /> 
w.rdc.sae.sina.com.cn:3307</a>
        <span class="separator"><img class="icon" src="./themes/original/img/item_ltr.png" width="5" height="9" alt="-" /></span>
<a href="db_structure.php?db=app_hollow&amp;token=a034c672b929d88653076ac3dc041db1" class="item">        <img class="icon" src="./themes/original/img/s_db.png" width="16" height="16" alt="" /> 
app_hollow</a>
        <span class="separator"><img class="icon" src="./themes/original/img/item_ltr.png" width="5" height="9" alt="-" /></span>
<a href="sql.php?db=app_hollow&amp;table=renren_oauth&amp;token=a034c672b929d88653076ac3dc041db1" class="item">        <img class="icon" src="./themes/original/img/s_tbl.png" width="16" height="16" alt="" /> 
renren_oauth</a>
</div>
<!-- PMA-SQL-ERROR -->
    <div class="error"><h1>错误</h1>
    <p><strong>SQL 查询:</strong>
<a href="tbl_sql.php??sql_query=SHOW+TABLE+STATUS+FROM+%60app_hollow%60+LIKE+%27renren_oauth%27&amp;show_query=1&amp;db=app_hollow&amp;table=renren_oauth&amp;token=a034c672b929d88653076ac3dc041db1"><img src="./themes/original/img/b_edit.png" title="编辑" alt="编辑" class="icon" width="16" height="16" /></a>    </p>
    <p>
        <span class="syntax"><span class="syntax_alpha syntax_alpha_reservedWord">SHOW</span>  <span class="syntax_alpha syntax_alpha_reservedWord">TABLE</span>  <span class="syntax_alpha syntax_alpha_reservedWord">STATUS</span>  <span class="syntax_alpha syntax_alpha_reservedWord">FROM</span>  <span class="syntax_quote syntax_quote_backtick">`app_hollow`</span>  <span class="syntax_alpha syntax_alpha_reservedWord">LIKE</span>  <span class="syntax_quote syntax_quote_single">'renren_oauth'</span></span>
    </p>
<p>
    <strong>MySQL 返回：</strong><a href="http://dev.mysql.com/doc/refman/5.1/zh/error-messages-server.html" target="mysql_doc"><img class="icon" src="./themes/original/img/b_help.png" width="11" height="11" alt="文档" title="文档" /></a>
</p>
<code>
#2006 - MySQL server has gone away
</code><br />
</div><script type="text/javascript">
//<![CDATA[
// updates current settings
if (window.parent.setAll) {
    window.parent.setAll('zh-utf-8', 'utf8_general_ci', '1', 'app_hollow', 'renren_oauth', 'a034c672b929d88653076ac3dc041db1');
}
    // set current db, table and sql query in the querywindow
if (window.parent.reload_querywindow) {
    window.parent.reload_querywindow(
        'app_hollow',
        'renren_oauth',
        '');
}
    
if (window.parent.frame_content) {
    // reset content frame name, as querywindow needs to set a unique name
    // before submitting form data, and navigation frame needs the original name
    if (typeof(window.parent.frame_content.name) != 'undefined'
     && window.parent.frame_content.name != 'frame_content') {
        window.parent.frame_content.name = 'frame_content';
    }
    if (typeof(window.parent.frame_content.id) != 'undefined'
     && window.parent.frame_content.id != 'frame_content') {
        window.parent.frame_content.id = 'frame_content';
    }
    //window.parent.frame_content.setAttribute('name', 'frame_content');
    //window.parent.frame_content.setAttribute('id', 'frame_content');
}
//]]>
</script>
</body>
</html>
